"site","Position","n_peaks","shannon","NOSC_med","NOSC_iqr","NOSC_mean","NOSC_p10","NOSC_p90","NOSC_range90","DBE_med","DBE_mean","DBE_iqr","AI_med","AI_iqr","delG_med","delG_iqr","lambda_med","lambda_iqr","Cnum_med","Cnum_iqr","frac_NOSC_pos","frac_NOSC_low","frac_AI_high","DBE_C_ratio_mean","frac_ConHC","frac_Lipid","frac_AminoSugar","frac_Protein","frac_Tannin","frac_UnsatHC","frac_Lignin","frac_Carb","frac_Other","ratio_Protein_Lignin","ratio_Lipid_Carb","ratio_UnsatHC_ConHC","npoc","biomass","respC","ssa_tot","clay","silt","fine","med","coarse"
"0006","M",2179,7.68662133494462,-0.64516129,0.8,-0.573709838458008,-1.266666667,0.2,1.466666667,5,6.64525011473153,5,0.071428571,0.290322581,-9625.73455381489,4674.1711384537,0.0432561024425402,0.0265381331292239,18,7,0.144561725562184,0.233134465351078,0.0908673703533731,0.345925594167528,0.0587425424506654,0.110142267094998,0.0821477742083525,0.319871500688389,0.0422212023864158,0.0481872418540615,0.291877007801744,0.0330426801284993,0.0137677833868747,1.09591194968553,3.33333333333333,0.8203125,0.116606293024892,9.02938377768521,0.0087122823298959,719.2892748,8.9,0,7.8,7.4,75.9
"0006","U",2623,7.87207397986687,-0.615384615,0.861904762,-0.552140125763248,-1.333333333,0.3,1.633333333,6,6.51200914982844,6,0.085714286,0.307692308,-9586.92302374922,4732.88843355221,0.0439633944436677,0.0275399065563461,18,7,0.171559283263439,0.236751810903546,0.0880670987418986,0.348777401110176,0.0629050705299276,0.122760198246283,0.0655737704918033,0.308425467022493,0.0548989706443004,0.0278307281738467,0.319481509721693,0.0285932138772398,0.00953107129241327,0.965393794749403,4.29333333333333,0.442424242424242,0.204448225341557,9.10720996964787,0.126286606724777,224.7596028,9.6,0,15.6,56.2,18.6
"0008","M",1334,7.19593722647557,-0.761904762,0.825396825,-0.667919967631934,-1.428571429,0.1878787876,1.6164502166,5,5.75637181409295,4,0.034482759,0.222222222,-9775.37302374923,3847.47979509851,0.0420322188038833,0.0220587239798288,18,6,0.13568215892054,0.309595202398801,0.0644677661169415,0.306448764484442,0.0464767616191904,0.164917541229385,0.0652173913043478,0.355322338830585,0.047976011994003,0.0134932533733133,0.264617691154423,0.0194902548725637,0.0224887556221889,1.34277620396601,8.46153846153846,0.290322580645161,0.672200983319968,8.44404479591808,0.0282941740428048,745.264965,5.1,0,6.9,9.5,78.5
"0009","U",2677,7.89245204352035,-0.625,0.857142857,-0.53614890603997,-1.285714286,0.363636364,1.64935065,6,7.09899140829287,5,0.066666667,0.3,-10163.7345538149,5260.56921677612,0.0412420686294749,0.0273401718118165,19,9,0.179305192379529,0.224505042958536,0.0903997011580127,0.350049435492751,0.0597683974598431,0.103100485618229,0.0851699663802764,0.305192379529324,0.0672394471423235,0.0466940605155024,0.283152782966007,0.037728800896526,0.0119536794919686,1.0778364116095,2.73267326732673,0.78125,0.262198211071153,9.55509444857832,0.0607370539569886,217.56643845,11.2,1.9,22.1,46.2,18.6
"0010","D",2486,7.81843027207066,-0.705882353,0.836601307,-0.597771197517297,-1.333333333,0.315789474,1.649122807,5,6.91552695092518,6,0.043478261,0.290322581,-10245.9268671044,4891.97978600294,0.0402315169360798,0.0247147289471388,19,7,0.162107803700724,0.271118262268705,0.081657280772325,0.332857582394478,0.0623491552695093,0.109814963797265,0.0768302493966211,0.347546259050684,0.0518905872888174,0.0494770716009654,0.253016894609815,0.0273531777956557,0.0217216411906677,1.37360890302067,4.01470588235294,0.793548387096774,0.239407986817711,9.15228834438306,0.0045635764585169,837.1774176,3.1,0,3.3,4.8,88.8
"0010","M",1605,7.38087903556412,-0.85,0.884210526,-0.711877307370717,-1.5103448274,0.25,1.7603448274,5,6.53831775700935,5,0,0.238095238,-10540.6345538149,4921.33843355226,0.0377386930803288,0.02369551735299,19,8,0.137071651090343,0.372585669781931,0.0909657320872274,0.30756668213777,0.07601246105919,0.18816199376947,0.0585669781931464,0.342679127725857,0.0392523364485981,0.0348909657320872,0.205607476635514,0.0193146417445483,0.0355140186915888,1.66666666666667,9.74193548387097,0.459016393442623,0.458680921139662,9.3541084391474,0.00821443762533042,794.6206512,3.3,0,5.5,7.2,84
"0010","U",1935,7.56786260546388,-0.666666667,0.933823529,-0.571987188452713,-1.333333333,0.321548387,1.65488172,6,7.28268733850129,6,0.090909091,0.325490196,-10258.5307104597,4531.33459019702,0.0406097937208957,0.0234100440961638,19,7,0.18656330749354,0.271317829457364,0.0930232558139535,0.349167746806715,0.0697674418604651,0.116795865633075,0.0563307493540052,0.322480620155039,0.0558139534883721,0.0434108527131783,0.298708010335917,0.0160206718346253,0.020671834625323,1.07958477508651,7.29032258064516,0.622222222222222,0.347163707316995,9.23552844690755,0.0584137786690163,607.55085885,12.4,1.1,17.5,5,64
"0011","D",1717,7.44833386089748,-0.5,1.056653492,-0.451762830576587,-1.333333333,0.470588235,1.803921568,6,6.9557367501456,7,0.142857143,0.36,-9128.97302374922,4142.47306013136,0.0470464163798665,0.027175658803931,18,6,0.253348864298195,0.221898660454281,0.12521840419336,0.383074010331619,0.105416423995341,0.110658124635993,0.0605707629586488,0.27140361094933,0.0745486313337216,0.0192195690157251,0.336051252184042,0.0122306348281887,0.0099009900990099,0.807625649913345,9.04761904761905,0.18232044198895,0.46449772194453,8.37106786227174,0.668533252974742,380.7692718,1.3,27.6,28.9,2.4,39.8
"0011","U",2737,7.91461770904068,-0.555555556,1,-0.475784393279138,-1.333333333,0.444444444,1.777777777,6,7.10303251735477,6,0.111111111,0.333333333,-9654.369180394,4788.87306013134,0.0439803173460448,0.0270907196057688,19,8,0.237851662404092,0.229448301059554,0.115454877603215,0.37202066882629,0.0942637924735111,0.112166605772744,0.061746437705517,0.283156740957252,0.0734380708805261,0.0284983558640848,0.311655096821337,0.0219218122031421,0.0131530873218853,0.908558030480656,5.11666666666667,0.302325581395349,0.353914965150371,8.8109042806687,0.0391852253375235,42.3121692,11.3,3.6,59.5,24.5,1.1
"0012","D",2743,7.9168074909376,-0.571428571,1,-0.450481393689756,-1.2659649126,0.555555556,1.8215204686,6,7.38133430550492,6,0.090909091,0.36,-9880.48839717011,5023.57882516417,0.0431652353915998,0.0271133559871631,19,9,0.248632883703974,0.224936201239519,0.110462996718921,0.36969984459666,0.0973386802770689,0.0936930368209989,0.0820269777615749,0.297849070360919,0.0871308786000729,0.040831206707984,0.256653299307328,0.028800583302953,0.015676266861101,1.16051136363636,3.25316455696202,0.419475655430712,0.268659133834058,8.06069784035361,0.00727131786137831,788.9099577,0,3.4,6.3,6.9,83.4
"0012","M",2394,7.78072088611792,-0.333333333,1.224358975,-0.299681826896825,-1.25,0.666666667,1.916666667,7,8.11236424394319,8,0.1806526805,0.42062818375,-9315.13839717011,4297.16440348658,0.0462779346243617,0.0259681386179336,19,7,0.348788638262322,0.191729323308271,0.159565580618212,0.419156892661497,0.152882205513784,0.0860484544695071,0.0584795321637427,0.242690058479532,0.116959064327485,0.0304928989139515,0.276942355889724,0.0213032581453634,0.0142021720969089,0.8763197586727,4.03921568627451,0.199453551912568,0.239704142011834,8.71850168886727,0.0128412933220626,544.02048,7,0,3,35.2,54.8
"0014","U",2544,7.84149292446001,-0.4,1.017647059,-0.384583403456761,-1.2619883042,0.5,1.7619883042,6,7.19732704402516,6,0.133333333,0.375,-8941.66533703878,4839.71727690749,0.048365239926178,0.0311434613054871,18,8,0.272012578616352,0.192216981132075,0.136792452830189,0.395898003442157,0.110062893081761,0.101022012578616,0.065251572327044,0.25,0.0778301886792453,0.0161163522012579,0.338443396226415,0.0322327044025157,0.00904088050314465,0.738675958188153,3.13414634146341,0.146428571428571,0.288373594782459,9.89597473235906,0.148457907834892,20.1011673,32.2,25.8,38,2.9,1.1
"0015","D",1415,7.25488481007734,-0.7,0.9786764705,-0.576127250842403,-1.4070588236,0.412631579200003,1.8196904028,5,6.29116607773852,5,0.076923077,0.309018568,-9145.00380697311,4430.80766851938,0.0457555612324366,0.0292234202001562,17,7,0.197173144876325,0.297526501766784,0.0925795053003534,0.345612364710726,0.0777385159010601,0.147703180212014,0.0734982332155477,0.315901060070671,0.0586572438162544,0.0416961130742049,0.252296819787986,0.0169611307420495,0.015547703180212,1.25210084033613,8.70833333333334,0.536363636363636,0.456482032622999,9.48287358360875,0.027126654773785,65.837628,0,6.4,34.5,58,1.1
"0015","U",2496,7.82244472948932,-0.6,1,-0.503405231696715,-1.294117647,0.444444444,1.738562091,6,7.0088141025641,6,0.083333333,0.363636364,-9412.219180394,5082.72401187459,0.0448662089542168,0.0302193349830664,18,7,0.215945512820513,0.232371794871795,0.115785256410256,0.3668428902771,0.0921474358974359,0.102964743589744,0.0769230769230769,0.311298076923077,0.063301282051282,0.0484775641025641,0.266426282051282,0.0284455128205128,0.0100160256410256,1.16842105263158,3.61971830985915,0.526086956521739,0.187753938365247,9.6222140229663,0.020846980586644,92.6656842,2.6,0,19.2,75.5,2.7
"0016","D",2537,7.83873755959928,-0.714285714,0.72,-0.628269350275916,-1.304347826,0.142857143,1.447204969,5,7.03389830508475,6,0.034482759,0.244444444,-10810.1345538149,5862.44612026266,0.0377386930803288,0.0252162265991869,20,9,0.114308238076468,0.25817895151754,0.0811982656681119,0.325103062030161,0.0504532912889239,0.119038234134805,0.0930232558139535,0.344107213243989,0.0319274733937722,0.0583366180528183,0.247930626724478,0.0386283011430824,0.0165549862041782,1.3879173290938,3.08163265306122,1.15625,0.140992819720721,10.1818435879448,0.0233698913565301,166.36079175,20.6,28.9,18.4,16.2,15.9
"0016","U",1289,7.16162200293919,-0.75,0.652631579,-0.659580400615981,-1.3,0,1.3,5,5.94957331264546,3,0,0.181818182,-9882.77302374922,4276.08074684181,0.0410563706392254,0.0233296564015182,18,7,0.0938712179984484,0.266873545384019,0.0760279286268425,0.307525506667453,0.0543056633048875,0.114041892940264,0.114041892940264,0.408068269976726,0.021722265321955,0.0240496508921645,0.207137315748642,0.0380139643134213,0.0186190845616757,1.97003745318352,3,0.442857142857143,0.231923986986099,9.50514997831991,0.0526193711180124,394.1475141,2.8,30.2,13.6,12.8,40.6
"0017","D",2296,7.73892375743946,-0.571428571,0.90238095175,-0.49865824350392,-1.25,0.363636364,1.613636364,6,6.77743902439024,5,0.090909091,0.3125,-9505.30186710444,4638.09227690741,0.0443975565085535,0.0272023742609665,18,7,0.202090592334495,0.206445993031359,0.0849303135888502,0.358761244332477,0.0596689895470383,0.0875435540069686,0.0853658536585366,0.306620209059233,0.0683797909407665,0.0331010452961672,0.315331010452962,0.0348432055749129,0.00914634146341463,0.972375690607735,2.5125,0.554744525547445,0.123485098661086,9.51719589794997,0.0886665426931943,165.54691755,23.2,35.7,18,6.4,16.7
"0017","M",2387,7.77779262633883,-0.608695652,0.860254083,-0.511103733033096,-1.2608187134,0.352941176,1.6137598894,6,6.79095098449937,5,0.076923077,0.295707472,-9786.83455381489,4707.25190348656,0.0432561024425402,0.02692219868901,19,8,0.188102220360285,0.214914118139925,0.0821114369501466,0.350673583664179,0.058232090490155,0.0858818600754085,0.0846250523669878,0.323418516966904,0.0645161290322581,0.0372852953498115,0.302471721826561,0.0310012568077084,0.0125680770842061,1.06925207756233,2.77027027027027,0.640287769784173,0.137488416175232,9.72345567203519,0.0102264111204718,349.4596482,8.9,36.4,7.4,11.2,36.1
"0017","U",2359,7.76599307940768,-0.545454545,0.9544513455,-0.481538811817295,-1.28,0.4,1.68,6,7.02373887240356,5,0.090909091,0.333333333,-9655.51149368356,4801.47690348654,0.0440245182691671,0.0281013967085198,18,8,0.21704111911827,0.214497668503603,0.107248834251802,0.362483837090293,0.0801186943620178,0.0936837643069097,0.0822382365409072,0.293768545994065,0.0665536244171259,0.036456125476897,0.300974989402289,0.0351844001695634,0.0110216193302247,0.976056338028169,2.66265060240964,0.455026455026455,0.0887684685219249,9.42160392686983,0.0319812496291461,208.7301924,23.5,29.2,12.1,14.5,20.7
"0018","D",2111,7.65491704784832,-0.666666667,0.825396826,-0.584160188499763,-1.333333333,0.285714286,1.619047619,5,6.39365229748934,5,0.023255814,0.26969697,-9507.01533703878,5035.0403552298,0.0437252576902709,0.0293542961570671,18,8,0.152534343912838,0.261961155850308,0.0824253908100426,0.328755378228507,0.0606347702510658,0.119374703931786,0.0914258645191852,0.343439128375178,0.0464234959734723,0.0563713879677878,0.2202747513027,0.0364756039791568,0.0255802936996684,1.55913978494624,3.27272727272727,0.9296875,0.228917208858115,8.67577834167409,0.0113685235480212,636.4858962,9.2,0,10.1,14.3,66.4
"0018","M",1989,7.59538727885397,-0.727272727,0.785714285,-0.622717844277024,-1.3376344084,0.235294118,1.5729285264,5,6.67320261437909,6,0.027027027,0.266666667,-10017.5230237492,5272.03074684174,0.0406097937208957,0.0270330136142276,19,8,0.141779788838612,0.287078934137758,0.0829562594268477,0.330005075744375,0.0623428858722976,0.128707893413776,0.0799396681749623,0.363499245852187,0.0397184514831574,0.0613373554550025,0.215686274509804,0.0276520864756159,0.0211161387631976,1.68531468531469,4.65454545454545,0.983870967741935,0.387028343978959,9.24551266781415,0.00417110886718016,622.5586968,15.2,0,8,11.6,65.2
"0018","U",1816,7.50439155916124,-0.777777778,0.85356849075,-0.686715932492841,-1.428571429,0.166666667,1.595238096,5,6.18612334801762,5,0.037037037,0.260233918,-9882.77302374923,4888.79324684181,0.0410563706392254,0.0270949256763511,18,7,0.122246696035242,0.327092511013216,0.0820484581497797,0.31817375747848,0.0594713656387665,0.173458149779736,0.0671806167400881,0.338105726872247,0.0258810572687225,0.0484581497797357,0.24284140969163,0.0209251101321586,0.0236784140969163,1.39229024943311,8.28947368421053,0.814814814814815,0.397964990281284,8.9532763366673,0.0248728118925803,505.9869696,10.6,0,21.3,16,52.1
"0019","D",2336,7.75619534394812,-0.72,0.816666667,-0.618105050210188,-1.375,0.307692308,1.682692308,5,6.45291095890411,5,0.022222222,0.3,-9681.719180394,5544.68170768062,0.0422129408314379,0.0309345222725148,18,9,0.154109589041096,0.279109589041096,0.0941780821917808,0.330076395265264,0.0637842465753425,0.133561643835616,0.0826198630136986,0.355736301369863,0.0483732876712329,0.0654965753424658,0.205907534246575,0.0273972602739726,0.0171232876712329,1.72765072765073,4.875,1.02684563758389,0.211986865042364,9.62634036737504,0.0114594714091701,495.0333546,11.8,0,9.1,29.1,50
"0019","M",2321,7.74975340627444,-0.631578947,0.928888889,-0.534832123303318,-1.333333333,0.421052632,1.754385965,5,6.53597587246876,6,0.052631579,0.333333333,-9316.28071045967,4910.01921677606,0.045343375347394,0.0300030702182772,18,8,0.196897888841017,0.254631624299871,0.106850495476088,0.350662991874778,0.0874623007324429,0.108573890564412,0.0732442912537699,0.345109866436881,0.0573028866867729,0.048255062473072,0.239551917277036,0.027143472641103,0.013356311934511,1.44064748201439,4,0.551724137931034,0.305408788790587,8.18752072083646,0.100277828456909,541.8613293,0,13,11.7,19.5,55.8
"0019","U",2493,7.82124208352356,-0.666666667,0.818181818,-0.560564612933414,-1.304347826,0.315789474,1.6201373,5,6.3971119133574,5,0.037037037,0.28358209,-9412.219180394,5150.88459019703,0.0440314073883771,0.0305588406919029,18,8,0.16325711993582,0.24628961091055,0.0858403529883674,0.339761568997355,0.0597673485760128,0.116325711993582,0.0826313678299238,0.349779382270357,0.0541516245487365,0.0485359005214601,0.2426795026073,0.0328920978740473,0.01323706377858,1.44132231404959,3.53658536585366,0.812080536912752,0.159070108184817,7.73559889969818,0.025800731215098,713.99875875,2.1,9.3,4.9,8.4,75.3
"0020","D",2639,7.87815533650332,-0.5,1.013986014,-0.423580984367185,-1.230769231,0.5,1.730769231,7,7.5081470253884,6,0.130434783,0.365853659,-9789.119180394,4674.67113845369,0.0436920745682699,0.0258346902348254,19,8,0.257673361121637,0.193633952254642,0.121258052292535,0.382004844095218,0.103069344448655,0.0716180371352785,0.070481242895036,0.272830617658204,0.0863963622584312,0.0253884046987495,0.332322849564229,0.0299355816597196,0.00795755968169761,0.820980615735462,2.39240506329114,0.246323529411765,0.127763947933558,9.78103693862113,0.0129160275233379,57.2982696,6.1,2.4,38.3,52.6,0.6
"0020","U",2382,7.77569574991525,-0.615384615,0.857142857,-0.551690688738035,-1.307692308,0.333333333,1.641025641,6,7.24811083123426,5,0.081081081,0.3125,-10056.3345538148,5764.21342445669,0.0415720324676737,0.0289222118028834,19,9,0.180100755667506,0.244752308984047,0.103694374475231,0.353306098315926,0.0688497061293031,0.136859781696054,0.0772460117548279,0.253568429890848,0.0642317380352645,0.0554156171284635,0.290512174643157,0.0419815281276238,0.0113350125944584,0.872832369942197,3.26,0.804878048780488,0.106465953048568,9.87909587950007,0.0325701764260423,62.0506959,5.6,4.2,38.5,50.4,1.3
"0021","M",2350,7.7621706071382,-0.571428571,1.0309503055,-0.504557798208936,-1.333333333,0.421052632,1.754385965,6,6.81659574468085,6,0.101724138,0.333333333,-9505.87302374923,4652.69516851937,0.0442077873608664,0.0278404690403254,18,7,0.228936170212766,0.251063829787234,0.111063829787234,0.3623795887746,0.0880851063829787,0.125106382978723,0.0646808510638298,0.282553191489362,0.0748936170212766,0.0251063829787234,0.302127659574468,0.0263829787234043,0.011063829787234,0.935211267605634,4.74193548387097,0.285024154589372,0.264952536676205,9.69635638873333,0.0661776979152473,18.0926139,0,10.6,89.1,0.2,0.1
"0021","U",2505,7.82604401351896,-0.476190476,1.077647059,-0.432998515468263,-1.3026086956,0.5,1.8026086956,6,7.05389221556886,6,0.12,0.357142857,-9278.61149368356,4463.38843355226,0.0460644247158372,0.0277941819112193,18,7,0.269860279441118,0.215568862275449,0.115768463073852,0.378360064564242,0.0970059880239521,0.0978043912175649,0.063872255489022,0.27624750499002,0.0946107784431138,0.0255489021956088,0.311377245508982,0.0227544910179641,0.0107784431137725,0.887179487179487,4.29824561403509,0.263374485596708,0.233282703520719,9.06445798922692,0.0960093136600347,47.6231202,8.9,0,60.4,29.5,1.2
"0022","D",2793,7.93487156594518,-0.5,1,-0.418993268402435,-1.25,0.5,1.75,7,7.72574292875045,7,0.130434783,0.384615385,-9695.46533703878,4626.77306013134,0.0438926476652219,0.0251614276043554,19,9,0.255281059792338,0.191908342284282,0.13641245972073,0.387745801858117,0.116004296455424,0.0791263873970641,0.0691013247404225,0.274257071249552,0.0805585392051558,0.0361618331543144,0.308270676691729,0.0264948084496957,0.0100250626566416,0.889663182346109,2.98648648648649,0.311728395061728,0.10398985626143,7.96425963019685,0.00162755409424191,530.0844198,1.9,0,4.8,40.5,52.8
"0022","M",2767,7.92551897978693,-0.428571429,1.045811966,-0.369108205526563,-1.222222222,0.545454545,1.767676767,7,8.13516443801952,8,0.166666667,0.411764706,-9694.32302374923,4707.25190348654,0.0440014448227594,0.0254987607399633,19,8,0.288398988073726,0.185760751716661,0.148174918684496,0.405209797224629,0.12721358872425,0.0719190458980846,0.050234911456451,0.270328876039031,0.0903505601734731,0.0415612576797976,0.319840983014095,0.0184315142753885,0.010119262739429,0.845197740112994,3.90196078431373,0.326704545454545,0.0838260566855854,7.65896484266444,0.00189284644128741,131.2016598,4.1,0,6.6,82.9,6.4
"0022","U",2666,7.88833450073865,-0.444444444,0.98464912275,-0.378787056942236,-1.176470588,0.5,1.676470588,7,7.81845461365341,7,0.142857143,0.38697017275,-9693.18071045967,4520.5153734209,0.044295498241195,0.0247424652154809,19,8,0.26669167291823,0.165041260315079,0.13390847711928,0.393481526704374,0.111777944486122,0.0611402850712678,0.0746436609152288,0.265191297824456,0.09039759939985,0.0303825956489122,0.324081020255064,0.0315078769692423,0.0108777194298575,0.818287037037037,1.94047619047619,0.271812080536913,0.100977219460053,8.48995847942484,0.000899797005089583,163.55717475,0,2.5,14,72.9,10.6
"0023","D",2025,7.61332497954064,-0.777777778,0.827067669,-0.701144990871605,-1.4520376178,0.0980952380000007,1.5501328558,5,6.00395061728395,4,0.025641026,0.25,-9963.82302374922,5068.69227690741,0.0404803897813238,0.0274768682255266,18,7,0.10320987654321,0.32,0.0962962962962963,0.314988809622262,0.0720987654320988,0.184691358024691,0.0696296296296296,0.341728395061728,0.022716049382716,0.0345679012345679,0.228148148148148,0.0276543209876543,0.0187654320987654,1.4978354978355,6.67857142857143,0.47945205479452,0.403261294232088,8.82216807936802,0.0669997727598909,268.5344763,1.7,3.4,14.5,57.2,23.2
"0023","M",2329,7.75319426988434,-0.689655172,0.852631579,-0.599336978869901,-1.3376344084,0.222222222,1.5598566304,5,6.61700300558179,6,0.0625,0.3,-9869.02686710445,4892.84612026271,0.0420762108714158,0.0271694019947796,18,8,0.149849720910262,0.26320309145556,0.0948905109489051,0.339359645857791,0.064405324173465,0.124087591240876,0.077286389008158,0.316874194933448,0.0390725633319021,0.0493774151996565,0.279089738085015,0.034349506225848,0.0154572778016316,1.13538461538462,3.6125,0.766666666666667,0.219581519967791,9.27646180417324,0.0541474865315669,157.5711774,3.6,0,16.5,69.7,10.2
"0023","U",1817,7.50494206839617,-0.782608696,0.876190476,-0.66973663890754,-1.454545455,0.185281385200001,1.6398268402,5,6.32746285085305,5,0.047619048,0.282051282,-9937.61533703878,5160.06149368353,0.0409078466892001,0.028663204809335,18,7,0.130985140341222,0.33516785910842,0.0952118877270226,0.326166707181712,0.0643918547055586,0.174463401210787,0.066042927903137,0.329664281783159,0.0242157402311502,0.0533847000550358,0.243808475509081,0.0236653824986241,0.0203632361034673,1.35214446952596,7.37209302325581,0.829059829059829,0.458265152307263,9.34044411484012,0.1734158530688,340.3581948,5.5,0.4,13.2,49.3,31.6
"0025","D",2198,7.69530313496357,-0.740740741,0.827272727,-0.656746025587352,-1.384615385,0.181818182,1.566433567,5,6.51046405823476,5,0.0693664795,0.304347826,-9969.55378878206,4828.54132516419,0.0413116503654229,0.0257002083464296,18,7,0.126478616924477,0.302547770700637,0.1073703366697,0.335051432954906,0.0727934485896269,0.146496815286624,0.0600545950864422,0.334849863512284,0.0268425841674249,0.0454959053685168,0.273885350318471,0.0250227479526843,0.0145586897179254,1.22259136212625,5.85454545454545,0.625,0.383846421766478,9.14921911265538,0.118964637669282,226.4593113,4.7,2.2,16.5,58,18.6
"0025","M",2594,7.86095636487639,-0.7,0.847619048,-0.586635410580956,-1.309549072,0.285714286,1.595263358,5,6.5686198920586,5,0.048809524,0.282051282,-9976.42686710445,5392.74901187463,0.0416251438423389,0.0291172217836215,19,9,0.152274479568234,0.262528912875867,0.0836545875096376,0.335151544737394,0.0555127216653816,0.112567463377024,0.0767154973014649,0.350809560524287,0.0481881264456438,0.046260601387818,0.261757902852737,0.0327679259830378,0.015420200462606,1.34020618556701,3.43529411764706,0.833333333333333,0.154166512628342,9.24797326636181,0.127907616915089,440.3405496,7.8,0,13.1,35.6,43.5
"0025","U",2133,7.66528471847135,-0.736842105,0.864705882,-0.623148207871074,-1.4,0.25,1.65,5,6.55930614158462,5,0.043478261,0.285714286,-9963.82302374922,5068.69227690741,0.0410563706392254,0.0274520642332775,18,7,0.145804031879981,0.29535864978903,0.0970464135021097,0.334868335326177,0.0707923112986404,0.154242850445382,0.0731364275668073,0.3300515705579,0.037037037037037,0.0421940928270042,0.241443975621191,0.029535864978903,0.0215658696671355,1.36699029126214,5.22222222222222,0.596026490066225,0.226548347733669,9.40823996531185,0.0589926981440296,135.3378588,4.2,0,14.5,73.8,7.5
"0026","M",2402,7.78405700263993,-0.555555556,1.086956522,-0.457288101886761,-1.28,0.5,1.78,6,7.4029975020816,7,0.12,0.391304348,-9586.92302374922,4508.81344264773,0.0445526077933955,0.0263312454298017,19,8,0.253122398001665,0.223147377185679,0.144462947543714,0.382290536882431,0.121565362198168,0.0920066611157369,0.0653621981681932,0.302248126561199,0.078684429641965,0.0387177352206495,0.26977518734388,0.0179017485428809,0.0137385512073272,1.12037037037037,5.13953488372093,0.318493150684932,0.188519236467799,8.69108149212297,0.00644870789707625,766.0266984,5.7,0,5.4,0,81.6
"0026","U",2250,7.71868549519847,-0.555555556,1.083333333,-0.459822417854222,-1.3004347826,0.52173913,1.8221739126,6,7.31066666666667,7,0.125,0.37704918,-9410.50571045967,4356.84516851935,0.0451133971120802,0.0266151542969575,18,7,0.251111111111111,0.234666666666667,0.124888888888889,0.37920856416293,0.107555555555556,0.108444444444444,0.0626666666666667,0.288444444444444,0.084,0.0408888888888889,0.276444444444444,0.0168888888888889,0.0146666666666667,1.04340836012862,6.42105263157895,0.380165289256198,0.167157261662562,8.68304703823885,0.0125232559695899,790.9354077,0,7,3.8,5.4,83.8
"0027","D",2538,7.83913164827433,-0.666666667,0.847619048,-0.575838475603231,-1.333333333,0.352941176,1.686274509,5,6.97596532702916,6,0.037037037,0.310344828,-9977.569180394,5565.87209929251,0.0413777469332428,0.0289764756619557,19,9,0.163514578408195,0.260047281323877,0.0925925925925926,0.340686237113735,0.0638297872340425,0.115839243498818,0.0874704491725768,0.3274231678487,0.0547675334909377,0.0606776989755713,0.23758865248227,0.0327029156816391,0.0197005516154452,1.37810945273632,3.5421686746988,0.950617283950617,0.188504233677708,8.72754125702856,0.00276814956331878,636.364776,8.1,0,10.4,15.2,66.3
"0027","M",2625,7.87283617502572,-0.620689655,0.909090909,-0.506154628056762,-1.3,0.461538462,1.761538462,6,7.19390476190476,7,0.063829787,0.333333333,-9869.02686710445,5177.23459019696,0.0426271503565441,0.0280404479733298,19,8,0.203809523809524,0.235809523809524,0.101333333333333,0.358410365152939,0.0815238095238095,0.108190476190476,0.0826666666666667,0.311238095238095,0.0735238095238095,0.0468571428571429,0.246857142857143,0.0331428571428571,0.016,1.2608024691358,3.26436781609195,0.574766355140187,0.346124983882752,9.14301480025409,0.00721093716422401,378.5115744,2,9.6,14.1,37.6,36.7
"0027","U",2312,7.74586822979227,-0.7,0.844444445,-0.595623396109862,-1.3743421053,0.333333333,1.7076754383,5,6.43468858131488,5,0.043478261,0.263157895,-9841.10571045967,5046.2067076806,0.0416869799382816,0.0279588698911076,18,7,0.158737024221453,0.27681660899654,0.0882352941176471,0.33399193147704,0.0653114186851211,0.146193771626298,0.0769896193771626,0.330449826989619,0.0488754325259516,0.03719723183391,0.241349480968858,0.0358996539792388,0.0177335640138408,1.36917562724014,4.07228915662651,0.56953642384106,0.267241938302044,8.66181268553726,0.0145727567027121,713.90368755,0,7.7,7.2,10,75.1
"0028","D",1795,7.49276030092238,-0.777777778,0.766666667,-0.666770256223955,-1.375,0.095238095,1.470238095,5,6.58941504178273,5,0.04,0.272727273,-10166.019180394,4874.5115118746,0.040189042801238,0.0246304160065226,19,8,0.104178272980501,0.310863509749304,0.0930362116991643,0.328820275946953,0.0685236768802228,0.147632311977716,0.0746518105849582,0.354317548746518,0.015041782729805,0.052924791086351,0.24066852367688,0.0256267409470752,0.0206128133704735,1.47222222222222,5.76086956521739,0.772357723577236,0.203632853005328,9.15228834438306,0.0211186398255086,797.2728312,7.3,0,1.5,6.8,84.4
"0029","D",2060,7.63046126178363,-0.615384615,0.947856829,-0.52820866681165,-1.333333333,0.363636364,1.696969697,5.5,6.44660194174757,6,0.090909091,0.314285714,-9326.58072865073,4736.89612935817,0.0451277011597724,0.0299634503771831,18,8,0.19126213592233,0.252427184466019,0.0975728155339806,0.357187974241274,0.0742718446601942,0.117961165048544,0.0723300970873786,0.31747572815534,0.0538834951456311,0.029126213592233,0.302912621359223,0.0194174757281553,0.012621359223301,1.04807692307692,6.075,0.392156862745098,0.294289977914403,8.75358305889291,0.197624306094431,181.0472367,10.4,13.8,32.4,27.2,16.2
"0029","U",2316,7.74759683869288,-0.666666667,0.8723613845,-0.591480771579447,-1.333333333,0.2264957265,1.5598290595,5,6.44300518134715,5,0.047619048,0.2986842105,-9687.44994542684,5148.88554194025,0.0432544099865201,0.0295573215850854,18,9,0.152849740932642,0.265975820379965,0.0841968911917098,0.339341298364716,0.059153713298791,0.121761658031088,0.0738341968911917,0.349309153713299,0.0397236614853195,0.0457685664939551,0.266839378238342,0.0280656303972366,0.0155440414507772,1.30906148867314,4.33846153846154,0.773722627737226,0.200585493228396,8.5910646070265,0.0246373307098922,246.30948075,20.3,2.5,38.7,14.3,24.2
"0030","U",2563,7.84893372636407,-0.692307692,0.73030303,-0.599928740067889,-1.294117647,0.181818182,1.475935829,5,7.06476785017558,6,0.037037037,0.294117647,-10445.8383971701,5572.96919858506,0.0391628062537535,0.0260884090759563,19,9,0.131876706984003,0.238782676550917,0.10222395630121,0.333812335613776,0.0581349980491611,0.103394459617636,0.092859929769801,0.337104955130706,0.0319937573156457,0.0534529847834569,0.258291065158018,0.0452594615684744,0.0195083886071011,1.30513595166163,2.28448275862069,0.919463087248322,0.156543971348985,8.57518784492766,0.0246316446146704,0.45375,0,100,0,0,0
"0031","D",2137,7.66715825531915,-0.7,0.876190477,-0.602798431431446,-1.368421053,0.272727273,1.641148326,5,6.43893308376228,6,0.041666667,0.285714286,-9975.28455381489,4666.72690348659,0.0416355377902495,0.0253869640335776,19,8,0.158633598502574,0.278427702386523,0.0818905007019186,0.327084645562906,0.0542817033224146,0.117454375292466,0.0861020121665887,0.336452971455311,0.055217594759008,0.0416471689284043,0.257370145063173,0.0294805802526907,0.0219934487599438,1.30727272727273,3.98412698412698,0.767241379310345,0.151034526676547,9.55750720190566,0.00527072382132271,445.87234605,6.8,27.1,12.9,6.5,46.7
"0031","M",2451,7.80425138352811,-0.666666667,0.76,-0.601582571261526,-1.310344828,0.2,1.510344828,5,6.67319461444308,6,0.043478261,0.285714286,-10111.1768671044,5176.66343355221,0.0408224520347777,0.025673728732362,19,8,0.141982864137087,0.248470012239902,0.0795593635250918,0.330228526328737,0.050999592003264,0.0966952264381885,0.0889432884536924,0.343941248470012,0.047327621379029,0.0432476540187679,0.276621787025704,0.036311709506324,0.0159118727050184,1.24336283185841,2.66292134831461,0.848,0.143169255556474,8.06069784035361,0.00382660807237875,493.29436785,7,19.9,15.9,5.4,51.8
"0031","U",2295,7.73848812249464,-0.666666667,0.777777778,-0.585885380114161,-1.294117647,0.217543859599999,1.5116615066,5,6.74291938997821,6,0.052631579,0.294117647,-9978.71149368356,4814.08074684174,0.0416251438423389,0.0253342490775813,19,8,0.14161220043573,0.238344226579521,0.0871459694989107,0.337707666897799,0.0557734204793028,0.0906318082788671,0.085838779956427,0.348583877995643,0.0514161220043573,0.0474945533769063,0.27363834422658,0.028322440087146,0.0183006535947712,1.27388535031847,3.2,0.8515625,0.169729666658478,9.56820172406699,0.00386650525682282,336.67365105,10.9,31.9,15.8,6.4,35
"0032","D",1971,7.58629630715272,-0.666666667,0.94117647,-0.559963571258245,-1.333333333,0.4,1.733333333,5,6.48249619482496,6,0.083333333,0.333333333,-9318.56533703878,4691.79227690749,0.0444237805228952,0.0298765603069503,18,7,0.193810248604769,0.271943176052765,0.0994419076610857,0.352359529120613,0.0776255707762557,0.127346524606799,0.0644342973110096,0.306950786402841,0.0568239472349061,0.0345002536783359,0.275494672754947,0.0355149670218163,0.0213089802130898,1.11418047882136,3.58571428571429,0.444444444444444,0.854771928603737,7.28103336724773,0.0429493145680387,713.8261722,5.5,0,8.8,10.7,75
"0032","M",2591,7.85979918056211,-0.615384615,1,-0.503500083768043,-1.285714286,0.454545455,1.740259741,6,7.28020069471247,6,0.103448276,0.363636364,-9786.83455381489,4893.48843355226,0.0431264100822716,0.0271884857076986,19,8,0.211501350829795,0.241219606329602,0.106522578155152,0.368116313656601,0.083751447317638,0.108066383635662,0.0609803164801235,0.306059436511,0.0702431493631802,0.0447703589347742,0.285989965264377,0.0219992280972597,0.0181397143959861,1.07017543859649,4.91228070175439,0.534562211981567,0.363489386900929,7.68574173860226,0.0104923506347162,735.27821415,0,5.3,7.6,9.7,77.4
"0032","U",2714,7.90617884039482,-0.6568627455,1.047619048,-0.52649890893294,-1.333333333,0.454545455,1.787878788,6,7.12159174649963,6,0.095238095,0.333333333,-9786.83455381489,5116.6874909045,0.0431652353915998,0.028329203528685,19,8,0.211127487103906,0.261974944731024,0.108695652173913,0.362884670307341,0.0865880619012528,0.129329403095063,0.0596904937361828,0.309137803979366,0.0655858511422255,0.0431098010316875,0.2689756816507,0.0206337509211496,0.0169491525423729,1.14931506849315,6.26785714285714,0.497872340425532,0.518677659681251,7.5910646070265,0.128321743640075,488.5051656,9.1,0,4.3,38,48.6
"0033","M",3172,8.06211758275474,-0.714285714,0.769433465,-0.610117264895649,-1.294117647,0.24,1.534117647,6,7.70870113493064,7,0.066666667,0.333333333,-10919.819180394,6013.22690348657,0.0376754186517601,0.0251029192912044,21,10,0.147856242118537,0.253152585119798,0.0778688524590164,0.339205272132293,0.0532786885245902,0.0970996216897856,0.0721941992433796,0.337957124842371,0.0498108448928121,0.0753467843631778,0.271752837326608,0.026796973518285,0.0157629255989912,1.24361948955916,3.62352941176471,1.41420118343195,0.119073055603672,7.29225607135648,0.00470475435215659,526.3124076,7.1,0,14.3,25,53.6
"0033","U",2673,7.89095671613892,-0.769230769,0.761133603,-0.663041791843247,-1.333333333,0.19047619,1.523809523,5,7.08679386457164,7,0.04,0.304347826,-10636.5730237492,5687.74227690741,0.0381290178442298,0.0251440897479156,20,9,0.130564908342686,0.293303404414516,0.0714552936775159,0.322473595550164,0.0531238309016087,0.11672278338945,0.0722035166479611,0.353535353535354,0.040778151889263,0.0710811821922933,0.244294799850355,0.0303030303030303,0.0179573512906846,1.44716692189893,3.85185185185185,1.33802816901408,0.199332575826786,7.50514997831991,0.0110640373766673,229.4412036,13.4,0,20.5,46.2,19.9
"0034","D",2487,7.8188324438034,-0.571428571,1,-0.508690313514274,-1.333333333,0.424060150800001,1.7573934838,6,7.16887816646562,7,0.11627907,0.4,-9453.31533703878,4780.35766851939,0.0448757769758958,0.0281507349318485,18,7,0.223964616003217,0.246079613992762,0.170888620828307,0.382063341254867,0.143144350623241,0.11741053478086,0.0627261761158022,0.289907519099316,0.0402090872537193,0.0349819059107358,0.277844792923201,0.0213108162444713,0.012464817048653,1.04341534008683,5.50943396226415,0.24438202247191,0.381766319380417,9.16136800223497,0.33203162456205,338.486874,15.8,11.2,13.7,25.8,33.5
"0034","M",1710,7.44424864949671,-0.75,0.833333333,-0.58869310722807,-1.375,0.430158730500002,1.8051587305,5,7.07485380116959,6,0.0600240095,0.307692308,-9883.91533703878,4956.27498180898,0.0410563706392254,0.0272277411654489,18,7,0.156140350877193,0.290643274853801,0.14093567251462,0.35720131083907,0.111695906432749,0.148538011695906,0.068421052631579,0.335087719298246,0.0292397660818713,0.0426900584795322,0.217543859649123,0.0210526315789474,0.0257309941520468,1.54032258064516,7.05555555555556,0.382198952879581,0.537785231985063,8.65991620006985,0.0214379722204129,728.2701333,10,1.4,5.2,6.4,77
"0034","U",2075,7.6377164326648,-0.666666667,0.9262955185,-0.546627754045783,-1.333333333,0.375,1.708333333,6,7.03180722891566,6,0.083333333,0.36,-9680.57686710445,4896.27306013132,0.0432159768147846,0.0286951607668145,18,7,0.190361445783133,0.261204819277108,0.138313253012048,0.365462771881657,0.111325301204819,0.113734939759036,0.0679518072289157,0.32433734939759,0.0366265060240964,0.0385542168674699,0.266506024096386,0.0236144578313253,0.0173493975903614,1.21699819168174,4.81632653061224,0.346320346320346,0.315759422726636,9.62428209583567,0.0679731129526212,575.0250846,2,11.2,12.9,14.1,59.8
"0035","M",3410,8.13446757027756,-0.5485893415,0.947368421,-0.45717327818915,-1.25,0.461538462,1.711538462,7,7.81378299120235,6,0.12347561,0.35,-10354.469180394,5116.12593355227,0.0408398904772792,0.0246824063855707,20,9,0.229325513196481,0.204105571847507,0.110850439882698,0.375925976745688,0.0891495601173021,0.092375366568915,0.0645161290322581,0.26891495601173,0.0850439882697947,0.0319648093841642,0.329618768328446,0.0278592375366569,0.0105571847507331,0.815836298932384,3.31578947368421,0.358552631578947,0.148586089154672,8.80753502806885,0.0179509611575393,628.9189806,9.7,0,13.2,11.3,65.8
"0035","U",2509,7.82763954636642,-0.518518519,0.9375,-0.433967234396572,-1.230769231,0.5,1.730769231,6,7.73495416500598,6,0.12,0.35483871,-9841.67686710445,4801.47690348652,0.0434528549787242,0.0262313278916799,19,8,0.232363491430849,0.199282582702272,0.113989637305699,0.385453180894393,0.0964527700278996,0.0976484655241132,0.068154643284177,0.260263053009167,0.0801115982463133,0.0342766042247908,0.317257871662017,0.0286966919091271,0.0171383021123954,0.82035175879397,3.40277777777778,0.355371900826446,0.194341405246744,8.68841982200271,0.0290883171283557,599.0487282,12.2,0,12.6,12.7,62.5
"0037","D",2937,7.98514393119862,-0.8,0.706131078,-0.66599330421825,-1.3,0.25,1.55,6,7.4354783792986,8,0.0625,0.290322581,-10825.0230237492,6779.63074684177,0.0367039641852328,0.0268403050311185,20,11,0.136193394620361,0.29826353421859,0.0612870275791624,0.317016638217509,0.0469867211440245,0.110997616615594,0.0864828055839292,0.321075927817501,0.0449438202247191,0.0762683009874021,0.26796050391556,0.0262172284644195,0.0190670752468505,1.19822109275731,4.23376623376623,1.6231884057971,0.332646093237032,8.45484486000851,0.0184084193875724,514.93153845,9.9,0.7,2.4,35.3,51.7
"0038","M",2153,7.67461749736436,-0.64516129,0.919298246,-0.543760361698096,-1.333333333,0.428571429,1.761904762,6,7.039479795634,5,0.071428571,0.333333333,-9839.39224052534,5217.18843355226,0.0422893448422915,0.0282964188427829,19,8,0.191825359962843,0.262888992104041,0.109150023223409,0.356910527346044,0.086855550394798,0.143056200650255,0.0710636321411983,0.303297724105899,0.0571295866233163,0.0455178820250813,0.250812819321876,0.0274036228518347,0.0148629818857408,1.20925925925926,5.22033898305085,0.524064171122995,0.186185182885177,8.88649072517248,0.00913525430044091,113.2070382,0,12.4,48.3,31,8.3
"0038","U",2566,7.85010354517558,-0.593593594,1,-0.485276688181216,-1.263157895,0.5,1.763157895,6,7.66601714731099,7,0.090909091,0.36,-10057.4768671044,5064.99613845368,0.0421922349518897,0.0254648201382948,20,8,0.235385814497272,0.230709275136399,0.107170693686672,0.36641520168722,0.0939204988308652,0.0896336710833983,0.063912704598597,0.321122369446609,0.0779423226812159,0.0498830865159782,0.265783320342946,0.0222135619641465,0.0155884645362432,1.20821114369501,4.03508771929825,0.531120331950207,0.26086619168456,8.49276038902684,0.0322177557095452,263.86957185,3,4.7,20.9,48,23.4
"0039","D",2416,7.78986855905471,-0.571428571,1,-0.503450859001242,-1.3,0.363636364,1.663636364,5,6.46688741721854,6,0.076923077,0.333333333,-9145.00380697311,4612.45574684175,0.0462679317704981,0.0308555456562769,18,7,0.203228476821192,0.225993377483444,0.10182119205298,0.353519369356336,0.0786423841059603,0.105960264900662,0.0823675496688742,0.287665562913907,0.0558774834437086,0.0355960264900662,0.28932119205298,0.0463576158940397,0.0182119205298013,0.994277539341917,2.28571428571429,0.452631578947368,0.356542272126816,9.33445375115093,0.340565142007926,219.2016834,20.4,5.2,32.2,21.4,20.8
"0039","M",2578,7.85476918349913,-0.608695652,0.916666667,-0.534115249967417,-1.333333333,0.380952381,1.714285714,6,6.65593483320403,6,0.083333333,0.333333333,-9505.87302374922,4798.32594264774,0.0443674532130384,0.0290700378494087,18,7,0.200930954228084,0.248642358417378,0.118308766485648,0.355540964854547,0.0930954228083786,0.128006206361521,0.0713731574864236,0.301396431342126,0.0504266873545384,0.0228859581070597,0.294026377036462,0.0244375484871994,0.0143522110162917,1.02506596306069,5.23809523809524,0.245833333333333,0.286758300846888,9.76417613239033,0.0311327967468746,39.2841789,6.2,76.6,4.4,9.6,3.2
"0039","U",2406,7.78572089653462,-0.631578947,0.857142857,-0.553192056782211,-1.285714286,0.285714286,1.571428572,6,6.80631753948462,6,0.076923077,0.333333333,-9504.73071045967,5227.7836293582,0.0440314073883771,0.0303283543343623,18,9,0.171238570241064,0.241064006650042,0.102660016625104,0.349029651345391,0.0764754779717373,0.100166251039069,0.0860349127182045,0.300498753117207,0.0423940149625935,0.0473815461346633,0.292186201163757,0.0390689941812136,0.0157938487115544,1.02844950213371,2.56382978723404,0.619565217391304,0.261908676831632,9.61489721603314,0.265531278265926,89.76698415,0,19.7,52.6,21.1,6.6
"0040","M",1636,7.40000951716269,-0.75,0.811111111,-0.682602918452323,-1.4431524545,0.1291666665,1.572319121,5,6.35574572127139,5,0.058823529,0.25,-10166.019180394,4617.32017761491,0.0401193385533821,0.024524435358914,18.5,8,0.116136919315403,0.302567237163814,0.0715158924205379,0.315468218513714,0.0519559902200489,0.150977995110024,0.0654034229828851,0.317848410757946,0.0360635696821516,0.0281173594132029,0.306845965770171,0.0256723716381418,0.0171149144254279,1.03585657370518,5.88095238095238,0.541176470588235,0.421348108157154,9.84135947045485,0.173705879684239,138.52759005,5.1,62.7,14.1,4,14.1
"0041","D",2286,7.73455884435476,-0.64,0.826086957,-0.56708173575853,-1.310344828,0.266666667,1.577011495,6,6.5997375328084,6,0.066666667,0.28809523825,-9962.68071045967,4706.68074684174,0.0420467442409506,0.0258056052456474,19,8,0.161854768153981,0.246719160104987,0.084426946631671,0.342881947377259,0.0599300087489064,0.108923884514436,0.078740157480315,0.31583552055993,0.0516185476815398,0.0332458442694663,0.304899387576553,0.031496062992126,0.0153105861767279,1.03586800573888,3.45833333333333,0.554744525547445,0.203766279617135,9.32014628611105,0.0116010660207124,577.5074916,8.4,0,10,22.2,59.4
"0041","M",2002,7.60190195987517,-0.75,0.839285714,-0.662761612711289,-1.422105263,0.166666667,1.58877193,5,6.61538461538461,5,0.058823529,0.272727273,-10245.9268671044,5016.99132516416,0.0396222639649886,0.0251383942704573,19,8,0.124875124875125,0.312187812187812,0.0949050949050949,0.331022376746559,0.0674325674325674,0.167832167832168,0.0674325674325674,0.327672327672328,0.0244755244755245,0.0414585414585415,0.266233766233766,0.021978021978022,0.0154845154845155,1.23076923076923,7.63636363636364,0.614814814814815,0.39705085229676,9.56348108539441,0.232314082194823,331.916199,13.2,0,19.3,35.7,31.8
"0041","U",2259,7.722677516468,-0.625,0.857142857,-0.567353926272687,-1.333333333,0.285714286,1.619047619,6,6.71447543160691,5,0.081081081,0.3,-9881.63071045967,4666.65574684174,0.0422696990074957,0.0251419981124655,19,8,0.17220008853475,0.246126604692342,0.0867640548915449,0.344381182986053,0.0641876936697654,0.113767153607791,0.0756972111553785,0.305887560867641,0.0513501549358123,0.0283311199645861,0.3178397521027,0.0314298362107127,0.0115095174856131,0.962395543175487,3.61971830985915,0.441379310344828,0.223541108341611,9.25285303097989,0.11297290522686,528.08103285,5.7,7.9,13.7,18.3,54.4
"0042","D",2401,7.78364059622125,-0.5,1,-0.463978973838401,-1.368421053,0.421052632,1.789473685,6,7.05247813411079,6,0.142857143,0.333333333,-9413.36149368356,4544.43843355225,0.0456401705071893,0.0279280696264932,18,7,0.249479383590171,0.221990837151187,0.0999583506872137,0.377371631212458,0.083298625572678,0.126613910870471,0.0470637234485631,0.245314452311537,0.0745522698875469,0.0241566014160766,0.371095376926281,0.0162432319866722,0.0116618075801749,0.661054994388328,7.79487179487179,0.29,1.08973501720996,9.63648789635337,0.0807513223830735,160.1289504,34.6,0,30,20.8,14.6
"0043","D",1978,7.58984151218266,-0.4336075205,1.06501548,-0.429385264106168,-1.3153846155,0.447474747299999,1.7628593628,6,6.72952477249747,6,0.117647059,0.36,-8753.21533703878,4357.13074684179,0.0493896877883253,0.0302933667637384,17,7,0.270475227502528,0.208796764408493,0.126895854398382,0.380735585333651,0.100606673407482,0.10262891809909,0.0647118301314459,0.267441860465116,0.0662285136501517,0.0096056622851365,0.340748230535895,0.0298281092012133,0.0182002022244692,0.78486646884273,3.44067796610169,0.0954773869346734,0.423474271467691,9.3747483460101,0.0504321126415171,126.2702097,48.8,18.2,14,6.4,12.6
"0043","M",2503,7.82524529143177,-0.588235294,1,-0.51398349839153,-1.289400922,0.352941176,1.642342098,6,6.66240511386336,6,0.090909091,0.333333333,-9224.91149368356,4662.13845174327,0.0459104596677724,0.0287470584643817,18,8,0.20455453455853,0.222932481022773,0.103076308429884,0.36049942016964,0.0795045944866161,0.097882540950859,0.0775069916100679,0.312824610467439,0.0499400719137036,0.0283659608469836,0.320815021973632,0.0235717139432681,0.00958849380743108,0.975093399750934,4.15254237288136,0.35678391959799,0.212994087557298,9.92582757462474,0.0818208994884741,10.840812,36.4,21.2,39.6,2.7,0.1
"0047","D",1784,7.48661331313996,-0.52173913,1.08083333325,-0.465514132668722,-1.333333333,0.454545455,1.787878788,7,7.53587443946188,6,0.14893617,0.35483871,-9787.97686710445,4045.67785522988,0.0438234830249964,0.0230566226208655,19,7,0.25280269058296,0.224215246636771,0.122757847533632,0.380268698087769,0.106502242152466,0.102017937219731,0.0493273542600897,0.255605381165919,0.0723094170403587,0.0151345291479821,0.361547085201794,0.0213004484304933,0.0162556053811659,0.706976744186047,4.78947368421053,0.142105263157895,0.713289597737272,8.9415114326344,0.109678219280327,44.30727675,40.3,6.5,42.7,7.3,3.2
"0050","D",1691,7.43307534889858,-0.6,1.0226244345,-0.498534571424601,-1.368421053,0.5,1.868421053,6,7.39562389118865,6,0.12,0.333333333,-9963.82302374922,4003.13460838805,0.0422696990074956,0.0223642390639489,19,7,0.247191011235955,0.250739207569486,0.107037256061502,0.364820595908267,0.0981667652276759,0.115907746895328,0.0508574807806032,0.291543465405086,0.0898876404494382,0.023063276167948,0.301596688350089,0.013010053222945,0.015966883500887,0.966666666666667,8.90909090909091,0.234939759036145,0.282345876189868,8.88081359228079,0.00744202389318342,693.1066968,7.8,0,4.9,14.8,72.5
"0050","M",1728,7.454719949364,-0.6,1.170516983,-0.508024509987847,-1.4179824565,0.5,1.9179824565,7,7.52488425925926,6,0.142857143,0.3360655735,-9977.569180394,4129.01248180898,0.0420762108714158,0.0228771183113838,19,7,0.252314814814815,0.286458333333333,0.117476851851852,0.371387866050005,0.106481481481481,0.147569444444444,0.0364583333333333,0.255787037037037,0.0850694444444444,0.0289351851851852,0.30787037037037,0.00925925925925926,0.0225694444444444,0.830827067669173,15.9375,0.271739130434783,0.645657347429537,8.33445375115093,0.0219403718668082,711.2830584,10.3,0,7.8,6.8,75.1
"0050","U",2823,7.94555542825349,-0.285714286,1.190789474,-0.29199692774141,-1.248275862,0.636363636,1.884639498,8,9.01558625575629,8,0.219512195,0.428571429,-10126.0653370388,4332.06537342087,0.0424321511586388,0.0215797441837549,20,8.5,0.370527807297202,0.180304640453418,0.155154091392136,0.427743937586563,0.151257527453064,0.0782855118668084,0.0286928799149841,0.209705986539143,0.128940843074743,0.0301098122564648,0.352461919943323,0.00991852639036486,0.0106269925611052,0.594974874371859,7.89285714285714,0.199063231850117,0.307153704778487,9.92634244662566,0.0125665626813697,630.22574355,0,11.7,8.7,13.8,65.8
"0051","M",1651,7.40913644392013,-0.631578947,1.142857143,-0.5794805290745,-1.538461538,0.461538462,2,6,6.9824348879467,7,0.130434783,0.314285714,-10072.3653370388,4177.90960838805,0.0416251438423389,0.0231699985309189,19,7,0.229557843731072,0.313749242883101,0.0884312537855845,0.350711376602659,0.082374318594791,0.179285281647486,0.0321017565112053,0.246517262265294,0.0872198667474258,0.0133252574197456,0.330102967898244,0.013930950938825,0.0151423379769836,0.746788990825688,12.8695652173913,0.161764705882353,0.542675282893277,9.45024910831936,0.110112914632793,28.3828521,14.6,8.6,62.3,14,0.5
"0051","U",1423,7.26052259808985,-0.526315789,1.111111111,-0.468308648912157,-1.4059259256,0.5,1.9059259256,7,7.71047083626142,7,0.161290323,0.35483871,-9882.77302374923,3848.33653006567,0.0431264100822716,0.0220726981216257,19,7,0.270555165144062,0.240337315530569,0.104708362614195,0.379038457601908,0.101897399859452,0.108924806746311,0.044975404075896,0.252986647926915,0.101897399859452,0.0210822206605762,0.340829234012649,0.0105411103302881,0.016865776528461,0.742268041237113,10.3333333333333,0.206896551724138,0.362874417405872,8.55509444857832,0.00579975810262248,221.74676235,11.8,3.3,30.1,34.9,19.9
"0052","D",1788,7.48885295573346,-0.666666667,0.914285715,-0.539878410840604,-1.333333333,0.428571429,1.761904762,5,6.37192393736018,5,0.058823529,0.310344828,-9129.544180394,4669.842286003,0.045489276580081,0.0308953327778001,17,7,0.187919463087248,0.261744966442953,0.092841163310962,0.353916319317579,0.0727069351230425,0.120246085011186,0.0766219239373602,0.334451901565996,0.0548098434004474,0.0447427293064877,0.252237136465324,0.0206935123042506,0.023489932885906,1.32594235033259,5.81081081081081,0.615384615384615,0.402075991189427,8.35024801833416,0.0431188050660793,336.4128852,16.2,0,21.6,29.4,32.8
"0052","M",2047,7.62413058566129,-0.75862069,0.863768116,-0.66994036131998,-1.428571429,0.181818182,1.610389611,5,6.16658524670249,5,0.034482759,0.285714286,-9843.96149368356,5138.99421677614,0.0412394681430803,0.02902935688914,18,8,0.130923302393747,0.319491939423547,0.0864680019540791,0.323547606546844,0.0605764533463605,0.163654127992184,0.0639960918417196,0.346360527601368,0.0288226673180264,0.0478749389350269,0.249633610161212,0.0205178309721544,0.0185637518319492,1.38747553816047,7.97619047619048,0.790322580645161,0.514581271035439,8.42651126136458,0.139122327261928,102.5864766,22.7,0,34.2,36.1,7
"0052","U",2159,7.67740043051481,-0.666666667,0.971659919,-0.556585148473367,-1.384615385,0.461538462,1.846153847,5,6.60074108383511,6,0.076923077,0.333333333,-9452.17302374922,4926.49804194029,0.044031407388377,0.0299976860568456,18,8,0.200555812876332,0.283001389532191,0.100046317739694,0.353240054616347,0.0852246410375174,0.14219546086151,0.0653080129689671,0.321445113478462,0.063918480778138,0.0421491431218157,0.251042149143122,0.0143584993052339,0.0143584993052339,1.28044280442804,9.90322580645161,0.494565217391304,0.215126944128326,8.25285303097989,0.0357313851406275,357.5770557,0,21,15.8,27.9,35.3
"0053","D",2327,7.75233516330229,-0.571428571,1,-0.457433224493339,-1.285714286,0.5,1.785714286,6,6.85947571981092,7,0.096774194,0.357142857,-9128.97302374922,4611.88459019699,0.0465771855194545,0.028801731162755,18,8,0.240653201547056,0.228620541469703,0.118177911474001,0.369079899748508,0.100558659217877,0.0936828534593898,0.0747743876235496,0.30554361839278,0.0812204555221315,0.0369574559518694,0.264288783841856,0.0305113880532875,0.0124623979372583,1.15609756097561,3.07042253521127,0.367521367521367,0.23840561188265,8.32837960343874,0.0437607388316151,479.9022,6.6,2,12.9,30.3,48.2
"0053","M",2088,7.64396194900253,-0.5,1.173913043,-0.424296263149425,-1.333333333,0.6,1.933333333,6,7.14272030651341,7,0.1158318425,0.3691729325,-9304.819180394,4305.1442167761,0.0462679317704981,0.0269324016779331,18,7,0.290229885057471,0.238026819923372,0.134578544061303,0.38078638676951,0.12595785440613,0.114942528735632,0.0598659003831418,0.293103448275862,0.0953065134099617,0.0268199233716475,0.254789272030651,0.0181992337164751,0.0110153256704981,1.15037593984962,6.31578947368421,0.212927756653992,0.238906065290534,8.34830486304816,0.107190597435664,586.80540555,2.9,3.3,14.3,18.9,60.6
"0053","U",2447,7.80261806344267,-0.461538462,1.185185185,-0.378160880535349,-1.294117647,0.627631578800001,1.9217492258,6,7.41969758888435,7,0.125,0.381962865,-9398.47302374923,4372.01921677606,0.0457665266188929,0.025972850284229,19,8,0.309358398038414,0.219043727012669,0.129546383326522,0.386873927572809,0.122599100939926,0.0939926440539436,0.0674295055169595,0.276665304454434,0.115651818553331,0.0257458111973846,0.263996730690642,0.0228851655087863,0.0110339190845934,1.04798761609907,4.10714285714286,0.21,0.202214559591011,7.88761730033574,0.0344745846203003,543.8531268,2.8,3.2,12.4,26.2,55.4
"0055","U",1694,7.434847875212,-0.727272727,0.840909091,-0.622158966680047,-1.375,0.2,1.575,5,6.00590318772137,4,0.052631579,0.259259259,-9600.669180394,4519.37306013129,0.0426138119807576,0.0282789998503468,18,7,0.136953955135773,0.292798110979929,0.0909090909090909,0.332128941565159,0.0661157024793388,0.139905548996458,0.076741440377804,0.32939787485242,0.0312868949232586,0.0188902007083825,0.277449822904368,0.0365997638724911,0.0236127508854782,1.18723404255319,3.82258064516129,0.285714285714286,0.448618285841249,9.28780172993023,0.0773937677053824,808.08761715,1.8,6.1,3.8,2.4,85.9
"0059","M",2156,7.67600993202889,-0.736842105,0.900584795,-0.631493244169295,-1.4027027025,0.285714286,1.6884169885,6,6.98144712430427,6,0.085714286,0.304347826,-10380.7480237492,5124.68650277909,0.039428342133386,0.0253044487803727,19,8,0.159554730983302,0.307977736549165,0.0714285714285714,0.338572076891969,0.0524118738404453,0.138682745825603,0.0482374768089054,0.325139146567718,0.0445269016697588,0.0463821892393321,0.307513914656772,0.0166975881261596,0.0204081632653061,1.05731523378582,8.30555555555556,0.884955752212389,0.628101631009169,8.29446622616159,0.154687901682425,41.8199766,51.3,0,27.6,18.9,2.2
"0059","U",1086,6.99025650049388,-0.761904762,0.844444444,-0.656549011059853,-1.3944444445,0.1602564105,1.554700855,5,6.83793738489871,6,0.076923077,0.263157895,-9930.74225871639,3846.62306013132,0.0416251438423389,0.0214524024582808,18,6,0.125230202578269,0.307550644567219,0.0865561694290976,0.332976868027096,0.0718232044198895,0.152854511970534,0.067219152854512,0.31767955801105,0.0267034990791897,0.0276243093922652,0.302025782688766,0.0147329650092081,0.0193370165745856,1.05182926829268,10.375,0.384615384615385,1.01979683972912,8.1846914308176,0.0644356659142212,161.0172528,35.5,0,32.7,16.8,15
"0060","D",2071,7.63578686139558,-0.666666667,0.842105263,-0.586398679029454,-1.333333333,0.222222222,1.555555555,5,6.38532110091743,5,0.043478261,0.272727273,-9507.01533703878,4874.01151187461,0.0438234830249964,0.0295219950739804,18,8,0.139546112988894,0.265572187349107,0.08594881699662,0.342251071816523,0.0642201834862385,0.133268952197006,0.0758087880251086,0.336552390149686,0.0338000965717045,0.0434572670207629,0.263157894736842,0.0294543698696282,0.0202800579430227,1.27889908256881,4.52459016393443,0.676691729323308,0.279956985547144,8.55870857053316,0.0512211803165864,81.45538575,0,13.7,43,39,4.3
"0060","M",2341,7.75833346749091,-0.777777778,0.808080808,-0.675013644903033,-1.411764706,0.111111111,1.522875817,5,6.37590773173857,5,0.024390244,0.272727273,-10205.9730237492,5675.13843355221,0.0401564241463032,0.0277129921436978,19,9,0.109354976505767,0.30841520717642,0.0619393421614695,0.316973489517818,0.0414352840666382,0.149081589064502,0.0837249038872277,0.339598462195643,0.0264844083724904,0.0653566851772747,0.247330200768902,0.0290474156343443,0.0179410508329774,1.37305699481865,5.13235294117647,1.57731958762887,0.230042448662975,8.9731278535997,0.0153807451140942,87.00958755,0,12.1,22.2,62.5,3.2
"0060","U",2372,7.77148876011762,-0.705882353,0.802631579,-0.614660818502108,-1.310344828,0.181818182,1.49216301,5,6.53330522765599,6,0.04,0.2912713475,-9789.119180394,5223.70477690744,0.0422795219248936,0.0285238597857627,18,8,0.13026981450253,0.26602023608769,0.0695615514333895,0.333981950689148,0.0451096121416526,0.107925801011804,0.0792580101180438,0.353709949409781,0.0400505902192243,0.0653456998313659,0.264755480607083,0.03035413153457,0.0134907251264755,1.3359872611465,3.55555555555556,1.44859813084112,0.140172882507858,8.34635297445064,0.00949558236343556,458.3652324,5.4,0,8.2,41.4,45
"0062","D",3043,8.02059914989697,-0.631578947,1.058823529,-0.550323429711798,-1.407407407,0.428571429,1.835978836,6,7.27735787052251,7,0.090909091,0.333333333,-10542.919180394,5083.00959019704,0.0394597938965421,0.0239585598975831,20,9,0.22214919487348,0.2714426552744,0.0828130134735458,0.346420151631414,0.0732829444627013,0.133420966151824,0.0568517909957279,0.286887939533355,0.0785409135721328,0.0354912914886625,0.303976339139008,0.0200460072297075,0.0115018074268814,0.943783783783784,6.65573770491803,0.484304932735426,0.152764838799263,8.9903388547876,0.00105113421192153,0.45375,0,100,0,0,0
"0062","M",3078,8.03203531439882,-0.533333333,1.083333333,-0.426649370839831,-1.3013043478,0.571428571,1.8727329188,7,8.52631578947368,8,0.111111111,0.368421053,-10260.8153370388,4908.87690348654,0.0408052909175877,0.0238648231886104,20,9,0.257959714100065,0.219948018193632,0.133528265107212,0.383067830026411,0.119233268356075,0.0948667966211826,0.0542560103963613,0.275178687459389,0.085445094217024,0.0357374918778428,0.285899935022742,0.0243664717348928,0.0250162443144899,0.9625,3.89333333333333,0.299727520435967,0.256311288483466,9.13033376849501,0.0711308845088777,251.25232005,0,17.5,17.2,42.7,22.6
"0062","U",3504,8.16166045205628,-0.555555556,0.947368421,-0.456377590688071,-1.25,0.461538462,1.711538462,7,7.88213470319635,7,0.11627907,0.333333333,-10352.1845538149,5039.58362935816,0.0408224520347777,0.023852552627673,20,9,0.248002283105023,0.203196347031963,0.102454337899543,0.367085366600664,0.0881849315068493,0.0821917808219178,0.067351598173516,0.28824200913242,0.0844748858447489,0.0339611872146119,0.319634703196347,0.0242579908675799,0.0117009132420091,0.901785714285714,3.38823529411765,0.385113268608414,0.169824870681241,9.04532297878666,0.000984301800702713,366.3080328,9.3,0,17.4,38,35.3
"0063","D",1325,7.18916773842032,-0.888888889,0.621212122,-0.808610171775849,-1.444444444,-0.113725490199999,1.3307189538,5,6.05509433962264,4,0,0.169811321,-10771.3230237492,4641.51921677608,0.0365791955996038,0.0197810537598672,19,8,0.070188679245283,0.366792452830189,0.0694339622641509,0.279637978864861,0.0535849056603774,0.16,0.0739622641509434,0.440754716981132,0.0150943396226415,0.0430188679245283,0.17811320754717,0.0150943396226415,0.020377358490566,2.47457627118644,10.6,0.802816901408451,0.327664106589723,8.94299959336604,0.00334642985954937,352.67715555,5.9,0.1,13.8,47.1,33.1
"0063","M",2440,7.79975331828725,-0.666666667,0.857142857,-0.546654552713115,-1.333333333,0.354010694799999,1.6873440278,6,7.02991803278689,6,0.0625,0.310344828,-10071.794180394,5366.82690348654,0.0413445361557867,0.0281912822029246,19,9,0.180327868852459,0.244672131147541,0.104098360655738,0.350015099773981,0.0758196721311475,0.113114754098361,0.0790983606557377,0.319262295081967,0.0549180327868852,0.0430327868852459,0.269262295081967,0.0290983606557377,0.0163934426229508,1.18569254185693,3.88732394366197,0.567567567567568,0.100004596908579,9.08635983067475,0.0047715911049819,383.841591,7.8,0,14.7,40.5,37
"0063","U",2193,7.69302574841789,-0.714285714,0.888888889,-0.626526991923849,-1.3736842106,0.235294118,1.6089783286,5,6.72913816689467,6,0.052631579,0.285714286,-10164.8768671044,5471.94227690749,0.040189042801238,0.0285284311240409,19,9,0.14500683994528,0.304605563155495,0.0980392156862745,0.332930330823884,0.0747834017327861,0.169630642954856,0.0683994528043776,0.302325581395349,0.0414956680346557,0.0506155950752394,0.250341997264022,0.0255357957136343,0.0168718650250798,1.20765027322404,6.64285714285714,0.676829268292683,0.0750472667275444,9.63848925695464,0.0042665355719741,565.95713565,0,11.1,8.6,22.1,58.2
"0064","M",2296,7.73892375743946,-0.555555556,1,-0.486707434567073,-1.333333333,0.4,1.733333333,6,6.90243902439024,7,0.111111111,0.352941176,-9182.10186710445,4466.53939439107,0.0462879374782252,0.0287418343750436,18,7,0.220383275261324,0.241289198606272,0.123693379790941,0.380356229007066,0.0988675958188153,0.124128919860627,0.0548780487804878,0.287891986062718,0.0718641114982578,0.0357142857142857,0.293118466898955,0.0230836236933798,0.0104529616724739,0.982169390787519,5.37735849056604,0.361233480176211,0.457663463938108,9.56937390961505,0.16674499313701,240.73918335,14.6,34.5,14.8,11.8,24.3
"0064","U",1406,7.24850407237061,-0.780193237,0.915394737,-0.697384983214082,-1.5,0.1821946165,1.6821946165,5,6.41607396870555,6,0.066666667,0.263157895,-10259.6730237492,4143.32979509852,0.0397683193421076,0.0221763852227647,19,7,0.135135135135135,0.334281650071124,0.0746799431009957,0.317567649853877,0.0561877667140825,0.172119487908962,0.0547652916073969,0.322190611664296,0.042674253200569,0.0305832147937411,0.289473684210526,0.0120910384068279,0.0199146514935989,1.11302211302211,14.2352941176471,0.544303797468354,0.311494277600895,8.48855071650044,0.0649699358919198,467.95752585,0.9,31.9,14.5,3.4,49.3
"0068","U",1991,7.5963923040642,-0.666666667,0.889632107,-0.561101757314917,-1.333333333,0.333333333,1.666666666,5,6.47664490205927,6,0.043478261,0.290322581,-9586.92302374922,4859.62304194024,0.0436920745682699,0.0282574122959805,18,8,0.169763937719739,0.259166248116524,0.0889000502260171,0.339707604736179,0.0642893018583626,0.108488196885987,0.0848819688598694,0.351079859367152,0.0542440984429935,0.0411853340030136,0.251130085384229,0.0256152687091914,0.0190858864892014,1.398,4.23529411764706,0.640625,0.213871189185383,9.44715803134222,0.00782680155600929,345.14713725,17.8,24.7,9.7,12.3,35.5
"0069","D",2557,7.84658997529119,-0.666666667,0.900641026,-0.544317194401643,-1.3,0.368181818400001,1.6681818184,6,7.12788423934298,7,0.0625,0.333333333,-9975.28455381489,5353.08074684174,0.0420467442409506,0.0276536704703571,19,9,0.188502150958154,0.251466562377786,0.0962064919827923,0.349834740600738,0.0770434102463825,0.100508408290966,0.0743058271411811,0.335158388736801,0.0614000782166602,0.0496675791943684,0.256941728588189,0.0273758310520141,0.0175987485334376,1.30441400304414,3.67142857142857,0.644670050761421,0.242384268340526,8.51054501020661,0.00296393806394665,369.4267635,0,22.6,16.5,24,36.9
"0069","M",2796,7.9359451033537,-0.625,0.875,-0.514021123353004,-1.25,0.375,1.625,6,7.45457796852647,6,0.0719461695,0.351351351,-10023.8249454268,5366.8269034866,0.0420762108714158,0.0278843549931634,19,9,0.187410586552217,0.220314735336195,0.103361945636624,0.360261790980573,0.0793991416309013,0.0858369098712446,0.0819027181688126,0.323319027181688,0.0622317596566524,0.0565092989985694,0.267882689556509,0.0286123032904149,0.0143061516452074,1.20694259012016,3,0.711711711711712,0.16066041081317,8.32221929473392,0.00361711994326086,267.25586385,8.6,19.9,20.3,25.4,25.8
"0069","U",2862,7.9592759601164,-0.666666667,0.833333333,-0.549808159120545,-1.2772727275,0.352941176,1.6302139035,6,7.35674353598882,7,0.058823529,0.35,-10164.8768671044,5793.70478600296,0.0409650021328294,0.027794395215567,19,10,0.178197064989518,0.242138364779874,0.0971348707197764,0.350308492120197,0.0695317959468903,0.0964360587002096,0.0744234800838574,0.338574423480084,0.0566037735849057,0.0681341719077568,0.247030048916841,0.0290006988120196,0.0202655485674354,1.37057991513437,3.32530120481928,0.979899497487437,0.157758981430847,8.1846914308176,0.00408981282246368,342.81680835,9.5,14.1,15.4,27.2,33.8
"0070","D",2690,7.89729647259588,-0.625,0.909090909,-0.511064079188104,-1.304347826,0.444444444,1.74879227,6,7.3996282527881,7,0.081081081,0.351351351,-10017.5230237492,5185.71440348659,0.0419141333709944,0.0267024450462689,19,9,0.205576208178439,0.234944237918216,0.114498141263941,0.36092339120784,0.0910780669144981,0.11003717472119,0.0747211895910781,0.301115241635688,0.0639405204460967,0.0431226765799256,0.26728624535316,0.0256505576208178,0.0230483271375465,1.12656467315716,4.28985507246377,0.473469387755102,0.206045690847522,8.65417654187796,0.00450565173844613,276.3434931,7.9,29,16.5,19.2,27.4
"0070","M",2341,7.75833346749091,-0.592592593,0.869090909,-0.499078715195643,-1.25,0.4,1.65,6,6.93763348996155,6,0.076923077,0.333333333,-9789.119180394,4654.12306013136,0.0431652353915998,0.0260723852225051,19,8,0.201196070055532,0.208457923964118,0.0969671080734729,0.356828356421609,0.0764630499786416,0.0790260572404955,0.0901324220418624,0.321657411362666,0.0739000427167877,0.036736437419906,0.28193079880393,0.028193079880393,0.0119607005553182,1.14090909090909,2.8030303030303,0.480446927374302,0.224894317144641,9.45788189673399,0.00519741227122064,333.8388486,5.4,30.4,13.5,16.9,33.8
"0070","U",2909,7.9755646584952,-0.588235294,0.972972973,-0.488675924222413,-1.25,0.428571429,1.678571429,6,7.66998968717772,7,0.098591549,0.368421053,-10162.5922405253,5257.14227690741,0.0416251438423389,0.0260191958346914,20,9,0.212100378136817,0.216225507047095,0.118597456170505,0.369284449998059,0.0952217256789275,0.0883465108284634,0.0752836026125816,0.297353042282571,0.0677208662770712,0.0470952217256789,0.287383980749398,0.0264695771742867,0.015125472671021,1.03468899521531,3.33766233766234,0.494584837545126,0.118012789672039,8.58771096501891,0.00818949963916286,262.63455015,0.8,28.1,24.3,21.2,25.6
"0071","M",2198,7.69530313496357,-0.625,0.894179894,-0.547815555646042,-1.333333333,0.3023076924,1.6356410254,6,6.79117379435851,6,0.093073593,0.333333333,-9654.94033703878,4737.50286432533,0.0438234830249964,0.0281650593956426,18,7,0.169244767970883,0.251137397634213,0.106005459508644,0.361709047075708,0.0746132848043676,0.108735213830755,0.0655141037306642,0.311191992720655,0.0477707006369427,0.04049135577798,0.309372156505914,0.0259326660600546,0.0163785259326661,1.00588235294118,4.19298245614035,0.542682926829268,0.565683822194559,8.62531245096167,0.262173228040146,643.75209405,10.2,1.9,7,13.6,67.3
"0071","U",1983,7.5923661285198,-0.666666667,0.848297213,-0.602397685549672,-1.368421053,0.198095238,1.566516291,6,6.60867372667675,6,0.085714286,0.3125,-9774.23071045967,4452.56921677609,0.0425406764163861,0.0259888008044702,18,7,0.13262733232476,0.27029752899647,0.105395864851236,0.35261856396681,0.0781643973777105,0.122037317196167,0.0670700958144226,0.315179021684317,0.0312657589510842,0.0332829046898638,0.314674735249622,0.0181543116490166,0.0201714573877963,1.00160256410256,6.72222222222222,0.425806451612903,0.916421539857005,9.32837960343874,0.0573488938613808,409.5030408,18.3,0,15.4,25.2,41.1
"0072","M",2317,7.74802852443238,-0.592592593,1,-0.490509667790678,-1.272727273,0.444444444,1.717171717,6,6.96676737160121,5,0.073170732,0.333333333,-9413.36149368356,4558.18459019701,0.0445012322526184,0.0274544520377756,18,7,0.207596029348295,0.217091066033664,0.126888217522659,0.367537795407408,0.104876996115667,0.0988347000431593,0.081570996978852,0.315062580923608,0.0664652567975831,0.0375485541648684,0.252481657315494,0.0306430729391454,0.0125161847216228,1.24786324786325,3.22535211267606,0.358024691358025,0.225453863113947,7.69897000433602,0.0104494065769104,750.2808462,4.9,0,3.4,12.9,78.8
"0072","U",2543,7.84109976542212,-0.52173913,1.0340476185,-0.426961828759733,-1.2785454546,0.52173913,1.8002845846,6,7.28666928824223,6,0.12,0.384615385,-9264.86533703878,4519.37306013129,0.0459774813602832,0.0278192339159409,18,7,0.251278018088871,0.211561148250098,0.142351553283523,0.391101343662631,0.124262681871805,0.0900511207235549,0.0668501769563508,0.29020841525757,0.0802202123476209,0.0290994887927645,0.287455760912308,0.0204482894219426,0.0114038537160834,1.00957592339261,4.40384615384615,0.234177215189873,0.222206398108857,8.29666519026153,0.0505177149334418,591.485793,4.9,0,10.1,24.3,60.7
"0073","D",2325,7.75147531802146,-0.461538462,1.110367893,-0.400321789495054,-1.285714286,0.571428571,1.857142857,6,7.3905376344086,6,0.161290323,0.411764706,-9090.16149368356,4126.44227690744,0.0470669124478898,0.0269442465436374,18,7,0.281720430107527,0.214193548387097,0.160860215053763,0.404549331962583,0.144086021505376,0.0980645161290323,0.0524731182795699,0.268387096774194,0.0748387096774194,0.0249462365591398,0.312258064516129,0.0159139784946237,0.00903225806451613,0.859504132231405,6.16216216216216,0.173134328358209,0.989663570457635,8.46239799789896,0.381620270729497,19.8209556,48.8,0,43.6,7,0.6
"0073","M",2258,7.72223474470961,-0.4,1.147368421,-0.369839239144376,-1.294117647,0.588235294,1.882352941,7,7.72674933569531,7,0.2,0.43682065225,-9035.319180394,4243.46440348654,0.0479117942097142,0.0276775711315458,18,7,0.313551815766165,0.213463241806909,0.178476527900797,0.418397076229253,0.159875996457042,0.0992028343666962,0.0496014171833481,0.236935341009743,0.0797165633303809,0.0296722763507529,0.321966341895483,0.0159433126660762,0.0070859167404783,0.735900962861073,6.22222222222222,0.185595567867036,0.672604178963523,8.09691001300806,0.282382835556605,29.503812,61.4,0,32.1,4.4,2.1
"0076","D",1946,7.57353126274595,-0.666666667,0.86476566925,-0.575757779136177,-1.294117647,0.235294118,1.529411765,5,6.70503597122302,5,0.055555556,0.3,-9695.46533703878,4929.36342445671,0.0427855439275293,0.0286936142604036,18,8,0.149023638232271,0.261048304213772,0.0899280575539568,0.343249094424948,0.0616649537512847,0.117163412127441,0.0837615621788284,0.31808838643371,0.040082219938335,0.0467625899280576,0.268242548818088,0.0477903391572456,0.0164439876670093,1.18582375478927,2.45161290322581,0.758333333333333,0.248202132144793,7.84571801796666,0.0385141239535024,85.2957456,7.4,0,29.5,60,3.1
"0076","M",1839,7.51697722460432,-0.75,0.825396825,-0.647782347042958,-1.3930434784,0.181818182,1.5748616604,5,5.77650897226754,4,0.027027027,0.224014337,-9695.46533703878,4799.76343355221,0.0420840599591633,0.0278318962274143,18,8,0.129961935834693,0.306688417618271,0.0647090810222947,0.311980140012591,0.0435019032082654,0.146275149537792,0.0810222947253942,0.360522022838499,0.0320826536160957,0.0288200108754758,0.250679717237629,0.034257748776509,0.0228384991843393,1.43817787418655,4.26984126984127,0.6625,0.751363281902746,8.65417654187796,0.0271217728234835,62.05459185,2.4,10.7,39.5,45.7,1.7
"0076","U",2504,7.82564473221999,-0.625,0.846153846,-0.545912486002396,-1.272727273,0.333333333,1.606060606,5,6.60782747603834,5,0.058823529,0.294117647,-9742.29225871639,5315.1355510358,0.0431652353915998,0.0302303568623569,18,9,0.170527156549521,0.23961661341853,0.0738817891373802,0.339551893247569,0.0535143769968051,0.111821086261981,0.0814696485623003,0.307507987220447,0.0539137380191693,0.0375399361022364,0.27555910543131,0.0583067092651757,0.0203674121405751,1.11594202898551,1.91780821917808,0.701492537313433,0.224027179734924,9.01703333929878,0.0573609244050495,80.7104268,11.4,0,18.3,68.2,2.1
"0077","M",2428,7.79482315217939,-0.714285714,0.840277778,-0.607021894596376,-1.333333333,0.222222222,1.555555555,5,6.71128500823723,6,0.0540935675,0.333333333,-9836.51725871639,5217.72401187463,0.0420777147450005,0.0288918579599415,18,9,0.14497528830313,0.276771004942339,0.0794892915980231,0.339163129135956,0.0551894563426689,0.117380560131796,0.0761943986820428,0.329901153212521,0.0411861614497529,0.057660626029654,0.275947281713344,0.0247116968698517,0.021828665568369,1.1955223880597,4.75,1.04477611940298,0.176321568005708,8.65030752313194,0.00954557784537942,702.56109,6.4,0,6.6,13.4,73.6
"0077","U",2334,7.7553388128465,-0.714285714,0.773333333,-0.617453324467866,-1.285714286,0.181818182,1.467532468,5,6.60968294772922,5,0.04,0.3,-9882.77302374923,5348.50189439106,0.0418415327683534,0.0281105277466888,18,8,0.129391602399314,0.257926306769494,0.0766923736075407,0.331088056791888,0.0497000856898029,0.102399314481577,0.0886889460154242,0.356469580119966,0.0347043701799486,0.06426735218509,0.256640959725793,0.0329905741216795,0.0141388174807198,1.3889816360601,3.1038961038961,1.29310344827586,0.0824118188997105,8.11394335230684,0.0101326006843906,668.62235235,2.7,2.1,9.7,15.8,69.7
"0080","D",2660,7.88608140177575,-0.583333333,0.96,-0.478631358386466,-1.25,0.444444444,1.694444444,6,7.04661654135338,6,0.085714286,0.333333333,-9786.83455381489,4989.0701685194,0.0435405302768396,0.0272840385706196,19,8,0.221052631578947,0.209022556390977,0.108646616541353,0.362672700676491,0.0883458646616541,0.0804511278195489,0.087593984962406,0.305639097744361,0.0740601503759399,0.0293233082706767,0.293233082706767,0.0293233082706767,0.0120300751879699,1.04230769230769,2.74358974358974,0.331914893617021,0.0856116804775721,8.94101424370557,0.00826931004612912,28.3554063,0,9,87.2,2.8,1
"0080","M",2225,7.70751219460034,-0.588235294,1.037037037,-0.517325546438202,-1.333333333,0.412631579200003,1.7459649122,6,6.76629213483146,6,0.083333333,0.333333333,-9493.269180394,4882.52690348659,0.0439803173460448,0.0294345449575991,18,7,0.204044943820225,0.252134831460674,0.112808988764045,0.357495416484332,0.0898876404494382,0.140674157303371,0.0723595505617978,0.278651685393258,0.0642696629213483,0.0296629213483146,0.281797752808989,0.0301123595505618,0.0125842696629213,0.988835725677831,4.67164179104478,0.33,0.124096183302209,7.99475694458763,0.0525988664260685,132.36402855,14.5,2.5,41.7,30.8,10.5
"0080","U",1959,7.58018941794454,-0.615384615,0.857142857,-0.549034485020419,-1.310344828,0.288571428800001,1.5989162568,6,6.8565594691169,6,0.090909091,0.333333333,-9586.92302374922,4585.60574684176,0.0438259030348206,0.0267879276381629,18,7,0.17100561510975,0.235324144971924,0.11791730474732,0.358910320786769,0.0781010719754977,0.109239407861154,0.071465033180194,0.303726391015824,0.0546197039305768,0.0296069423175089,0.308831036242981,0.0306278713629403,0.0137825421133231,0.983471074380165,3.56666666666667,0.379084967320261,0.458510795622597,8.98317507203781,0.0929233743186716,35.09809275,0.8,27.7,66.2,3.2,2.1
"0081","U",1718,7.4489161025442,-0.736842105,0.850241546,-0.652624372496508,-1.428571429,0.222222222,1.650793651,5,6.09196740395809,5,0.060732727,0.272727273,-9648.06725871639,4505.94806013134,0.0422461873760289,0.0266804774364299,18,6,0.140279394644936,0.30267753201397,0.09953434225844,0.329607530293766,0.0669383003492433,0.181024447031432,0.069848661233993,0.318393480791618,0.0372526193247963,0.0314318975552969,0.259604190919674,0.0180442374854482,0.0174621653084983,1.22645739910314,10.0322580645161,0.469565217391304,0.430305115831835,8.42651126136458,0.0427728970423263,657.1511514,4.6,0,4,23.5,67.9
"0082","D",2329,7.75319426988434,-0.4,1.056410256,-0.394278973984113,-1.272727273,0.461538462,1.734265735,6,6.89480463718334,5,0.142857143,0.352941176,-8658.419180394,4423.43459019696,0.0501737866714323,0.0306642016340782,17,7,0.277372262773723,0.198797767282095,0.11077715757836,0.395102938375003,0.0931730356376127,0.0961786174323744,0.0536711034778875,0.258050665521683,0.0734220695577501,0.0218978102189781,0.379132674967797,0.0154572778016316,0.0090167453842851,0.680634201585504,6.22222222222222,0.235023041474654,0.578717663443683,9.22530928172586,0.138984329976948,64.29741645,42.6,40.7,5.7,4.7,6.3
"0082","M",2561,7.84815308619952,-0.375,0.957142857,-0.385177154493167,-1.230769231,0.4,1.630769231,6,6.97071456462319,5,0.142857143,0.333333333,-8565.90765032834,4424.57690348654,0.0512382042061458,0.0312705581331936,17,7,0.258492776259274,0.179617336977743,0.101913315111285,0.397747894177108,0.0784849668098399,0.0847325263568918,0.0601327606403749,0.237797735259664,0.0702850449043343,0.0222569308863725,0.416634127294026,0.0191331511128465,0.0105427567356501,0.570759137769447,4.42857142857143,0.283582089552239,2.12581264977747,8.86981820797933,0.374526997389593,48.2923308,82,0,10.7,2.6,4.7
"0082","U",2008,7.60489448081162,-0.545454545,1,-0.490193757376992,-1.333333333,0.4,1.733333333,6,6.3859561752988,5,0.090909091,0.304347826,-8846.869180394,4599.56632516416,0.0480134241048406,0.0321725920844763,17,7,0.204183266932271,0.243525896414343,0.0926294820717131,0.365640612486754,0.0707171314741036,0.122509960159363,0.0582669322709163,0.292828685258964,0.0542828685258964,0.0283864541832669,0.332669322709163,0.023406374501992,0.0169322709163347,0.880239520958084,5.23404255319149,0.401408450704225,0.624397939057855,9.42651126136458,0.294238759147039,26.4863772,83.5,0,10.8,3.4,2.3
"0083","D",2193,7.69302574841789,-0.666666667,0.967914438,-0.5391270030228,-1.368421053,0.442512077,1.81093313,5,6.62562699498404,6,0.055555556,0.333333333,-9373.40765032834,5351.93843355223,0.0443388793155811,0.0318683388919148,18,8,0.202918376652987,0.269949840401277,0.115823073415413,0.354806797638036,0.0957592339261286,0.129958960328317,0.0725034199726402,0.328317373461012,0.0565435476516188,0.039671682626539,0.235294117647059,0.0278157774737802,0.0141358869129047,1.3953488372093,4.67213114754098,0.414285714285714,0.183339886535977,8.78461729263288,0.0340181430096051,651.6816618,8.3,2.4,1.9,19.7,67.7
"0083","M",2125,7.66152708135852,-0.533333333,1,-0.500478979144941,-1.375,0.375,1.75,5,6.26635294117647,5,0.085714286,0.314285714,-8845.72686710445,4586.8192167761,0.0483652399261779,0.032545830342047,17,6,0.217411764705882,0.245176470588235,0.103058823529412,0.35987772334906,0.0785882352941177,0.147764705882353,0.0658823529411765,0.262117647058824,0.0630588235294118,0.0272941176470588,0.307764705882353,0.0348235294117647,0.0127058823529412,0.851681957186544,4.24324324324324,0.347305389221557,0.644933635043399,9.23552844690755,0.0986066736465264,119.08525785,53.5,23.5,6.9,3.9,12.2
"0084","U",2408,7.78655180642871,-0.5,1.166666667,-0.409929101144518,-1.285714286,0.6,1.885714286,6,7.45681063122924,7,0.1123737375,0.357142857,-9692.03839717011,4489.88169858503,0.0439803173460448,0.0252284688705723,19,8,0.284053156146179,0.220099667774086,0.10921926910299,0.376410166804657,0.103405315614618,0.0892857142857143,0.0668604651162791,0.299003322259136,0.110880398671096,0.034468438538206,0.265365448504983,0.0199335548172757,0.010797342192691,1.12676056338028,4.47916666666667,0.333333333333333,0.226601125301059,8.22788670461367,0.00600108912343905,766.9155132,0,5.6,5.8,7.6,81
"0085","D",1780,7.48436864328613,-0.8441295545,0.70866207825,-0.737827014576405,-1.4353043481,0,1.4353043481,5,6.32359550561798,4,0,0.2185990335,-10622.2557104596,5112.08265942386,0.0374921353000241,0.0242907045904539,19,9,0.0938202247191011,0.353932584269663,0.0808988764044944,0.299622306394198,0.0589887640449438,0.164606741573034,0.0730337078651685,0.385393258426966,0.0196629213483146,0.0466292134831461,0.2,0.0303370786516854,0.0213483146067416,1.92696629213483,5.42592592592593,0.790476190476191,0.438081060114857,8.25527250510331,0.0127911523944053,769.7574276,5.7,0,5.2,7.8,81.3
"0085","M",2033,7.61726781362835,-0.8,0.691428571,-0.718631875144122,-1.3880341882,0,1.3880341882,5,6.24495818986719,4,0.025641026,0.210526316,-10716.4807104597,5177.23459019696,0.0374826150265322,0.0229985163790622,20,8,0.0949335956714215,0.327102803738318,0.0668962124938515,0.299765088757726,0.0482046237088047,0.157894736842105,0.0787014264633547,0.390063944909001,0.0191834727004427,0.0359075258239056,0.224790949335957,0.029513034923758,0.0157402852926709,1.73522975929978,5.35,0.744897959183673,0.343591444702365,8.01703333929878,0.018120284897903,761.86033815,3.2,4.5,6.9,4.7,80.7
"0086","M",2473,7.81318726752142,-0.625,0.818181818,-0.562635283676911,-1.272727273,0.222222222,1.494949495,5,6.72300849171047,6,0.052631579,0.307692308,-9786.83455381489,5432.98843355223,0.0431264100822716,0.0301354897534659,18,9,0.149211484027497,0.2280630812778,0.080469065911848,0.343886759188194,0.0513546300040437,0.0913869793772746,0.0824909017387788,0.338050950262839,0.0416498180347756,0.0586332389809947,0.285483218762636,0.0400323493732309,0.0109179134654266,1.18413597733711,2.28282828282828,1.14173228346457,0.137675052843849,8.27646180417324,0.00911084908525474,345.4133034,18.2,7.6,22.9,16.4,34.9
"0087","U",1156,7.05272104923232,-0.888888889,0.777777778,-0.786321453711073,-1.523809524,0.077380952,1.601190476,4,5.78979238754325,5,0,0.2,-10354.469180394,4236.12690348652,0.0381069817603668,0.0210490702947793,19,6,0.102076124567474,0.39878892733564,0.0657439446366782,0.285489975974244,0.0519031141868512,0.200692041522491,0.0544982698961938,0.386678200692042,0.0302768166089965,0.0224913494809689,0.213667820069204,0.013840830449827,0.0259515570934256,1.80971659919028,14.5,0.433333333333333,0.703365775110582,8.48287358360875,0.112673100054321,330.4879635,17.2,3.8,25.8,20.3,32.9
"0089","U",1987,7.59438124255182,-0.714285714,0.868686869,-0.630953158012079,-1.368421053,0.215204678400001,1.5836257314,5,6.39104177151485,5,0.076923077,0.333333333,-9453.31533703878,5042.41343355226,0.0432561024425402,0.0305245041137892,18,8,0.141922496225466,0.292903875188727,0.0991444388525415,0.343818488800639,0.0729743331655762,0.149471565173629,0.0613990941117262,0.323100150981379,0.0286864620030196,0.0518369401107197,0.274282838449925,0.0236537493709109,0.0145948666331152,1.17798165137615,6.31914893617021,0.710344827586207,0.542549541348645,9.00432137378264,0.104480866185841,657.1323618,13.8,0,3.9,13.5,68.8
"0090","D",2193,7.69302574841789,-0.4,1.178137652,-0.353408566895577,-1.294117647,0.631578947,1.925696594,6,7.63292293661651,7,0.166666667,0.428571429,-9034.17686710445,4142.47306013134,0.0478640148152721,0.0270294638567942,18,7,0.322845417236662,0.20656634746922,0.181030551755586,0.408497943216327,0.169630642954856,0.0998632010943912,0.0588235294117647,0.259917920656635,0.0870953032375741,0.0200638394892841,0.267669858641131,0.0264477884176927,0.0104879160966712,0.971039182282794,3.77586206896552,0.118279569892473,0.382726304340513,8.2148438480477,0.118872599037933,77.635815,6,0,36.5,54.9,2.6
"0090","M",2276,7.73017479524622,-0.4,1.1698039215,-0.334216067199473,-1.261208577,0.666666667,1.927875244,6,7.78251318101933,7,0.166666667,0.41977928725,-9036.46149368356,4142.47306013131,0.0473341393140371,0.0261888369913016,18,7,0.322495606326889,0.200351493848858,0.160369068541301,0.410511405573483,0.152899824253076,0.09402460456942,0.062829525483304,0.262302284710018,0.100615114235501,0.0268014059753954,0.271528998242531,0.0215289982425308,0.00746924428822496,0.966019417475728,4.36734693877551,0.175287356321839,0.33312101910828,8.01703333929878,0.00952918299853013,207.99174,3.2,0,20.8,59.6,16.4
"0090","U",2466,7.81035268372429,-0.4480286735,1.122222222,-0.350588732467559,-1.214285714,0.615384615,1.829670329,6,7.60259529602595,7,0.142857143,0.407407407,-9222.05571045967,4236.12690348654,0.0463910429339184,0.0261989059804501,18,7.75,0.312652068126521,0.178021086780211,0.150040551500406,0.397120841171428,0.139497161394972,0.0652879156528792,0.0758313057583131,0.284671532846715,0.100162206001622,0.0263584752635848,0.268450932684509,0.0312246553122466,0.00851581508515815,1.06042296072508,2.09090909090909,0.188953488372093,0.15007266844241,7.61384182187607,0.00916567600421888,199.7207592,0,3.6,17.3,63.9,15.2
"0097","D",1956,7.57865685059476,-0.782608696,0.835164835,-0.696705264117587,-1.444444444,0.142857143,1.587301587,5,5.87883435582822,4,0.03030303,0.257142857,-9843.39033703878,5277.44035522983,0.0410563706392254,0.0290246438447369,18,8,0.116053169734151,0.325153374233129,0.0915132924335378,0.314867341128279,0.0598159509202454,0.170756646216769,0.0736196319018405,0.354294478527607,0.0219836400817996,0.0414110429447853,0.23721881390593,0.0265848670756646,0.0143149284253579,1.49353448275862,6.42307692307692,0.692307692307692,0.718224805467057,8.88024177589548,0.171335556002985,63.42459735,5.3,10.1,26.6,56.9,1.1
"0097","M",1880,7.539027055824,-0.75,0.825396825,-0.669440559738298,-1.384615385,0.166666667,1.551282052,5,6.28244680851064,5,0.032258065,0.24137931,-10164.8768671044,5074.41344264773,0.040189042801238,0.0257056784878591,19,8,0.125531914893617,0.303191489361702,0.075,0.314621877550558,0.0515957446808511,0.134574468085106,0.0680851063829787,0.389893617021277,0.0335106382978723,0.0398936170212766,0.244148936170213,0.025,0.0132978723404255,1.59694989106754,5.38297872340426,0.77319587628866,0.427403203065688,9.16136800223497,0.0856042803947797,39.7837287,12.3,1,61.5,24.4,0.8
"0099","D",2379,7.77443551030296,-0.777777778,0.7076923075,-0.694095829664985,-1.3645933018,0,1.3645933018,5,6.31021437578815,5,0,0.25,-10192.369180394,5952.1538251642,0.0393025333753215,0.0291396654796824,19,9,0.087431693989071,0.305170239596469,0.0739806641445986,0.315253963015593,0.0453972257250946,0.133249264396805,0.0836485918453132,0.377049180327869,0.0189155107187894,0.0760823875577974,0.217738545607398,0.0311055065153426,0.0168137873055906,1.73166023166023,4.28378378378378,1.67592592592593,0.167525782739914,8.19033169817029,0.0127096872743432,433.2985302,0,8.4,8.8,40.4,42.4
"0099","M",2210,7.7007477945118,-0.7464285715,0.743589744,-0.66306089821267,-1.357142857,0.100526315800001,1.4576691728,5,6.11900452488688,4,0,0.238095238,-9727.97494542683,5228.7932286507,0.0420152087190031,0.0289622489075938,18,8,0.102262443438914,0.289140271493213,0.0796380090497738,0.321017774610247,0.0552036199095023,0.138461538461538,0.0904977375565611,0.36289592760181,0.0239819004524887,0.0583710407239819,0.222171945701357,0.0339366515837104,0.0144796380090498,1.63340122199593,4.08,1.05737704918033,0.311650783412056,7.77158748088126,0.0228298484675087,479.9020254,8.5,0,9.1,34.5,47.9
"0099","U",2340,7.75790620835175,-0.705882353,0.666666667,-0.632649330362393,-1.285714286,0.117647059,1.403361345,5,6.24401709401709,4,0,0.230769231,-9841.10571045967,5742.87016851936,0.0415068327064955,0.031129272043218,18,9,0.106837606837607,0.247008547008547,0.0670940170940171,0.314389305881823,0.038034188034188,0.0965811965811966,0.108119658119658,0.354273504273504,0.0303418803418803,0.0641025641025641,0.226923076923077,0.0658119658119658,0.0158119658119658,1.56120527306968,1.46753246753247,1.68539325842697,0.129102672344174,8.46538285144842,0.00972560751780339,426.1621014,7.8,3.2,9.8,37.3,41.9
"0100","D",2206,7.69893619981345,-0.615384615,0.913043478,-0.525677393424751,-1.3,0.375,1.675,5,6.50498640072529,6,0.069767442,0.333333333,-9409.93455381489,4707.53748180896,0.0448566409325378,0.0290919869031621,18,8,0.199002719854941,0.235267452402539,0.0974614687216682,0.350659645590168,0.0766092475067996,0.0974614687216682,0.0825022665457842,0.326835902085222,0.0557570262919311,0.0308250226654578,0.283318223028105,0.0303717135086129,0.0163191296464189,1.1536,3.2089552238806,0.402366863905325,0.381928477130834,9.88874096068289,0.136769644379658,142.04661255,17.7,18.1,21,31.3,11.9
"0100","M",2272,7.72841577984104,-0.666666667,0.8,-0.591300008539613,-1.3020930229,0.235294118,1.5373871409,5,6.4493838028169,5,0.04,0.304347826,-9600.669180394,5178.37690348656,0.04358878696444,0.0297917073332047,18,9,0.150528169014085,0.249119718309859,0.0831866197183099,0.336805315850742,0.059419014084507,0.105633802816901,0.0827464788732394,0.352112676056338,0.0391725352112676,0.0475352112676056,0.264524647887324,0.0330105633802817,0.0158450704225352,1.33111480865225,3.2,0.8,0.145041419309968,7.93399316383124,0.0263562107230681,134.4843051,12.4,25,17.5,34.2,10.9
"0100","U",2537,7.83873755959928,-0.571428571,0.967741935,-0.46722335367363,-1.25,0.476190476,1.726190476,6,7.22940480882933,6,0.090909091,0.375,-9786.83455381489,5136.13843355227,0.0438234830249964,0.0286860528946653,19,8,0.238864800945999,0.215214820654316,0.130469057942452,0.371962448920898,0.109578242018132,0.0776507686243595,0.0784391013007489,0.31415057154119,0.0737091052424123,0.0370516357903035,0.268033109972408,0.0287741426882144,0.012613322822231,1.17205882352941,2.6986301369863,0.338129496402878,0.0763139775074593,10.0453229787867,0.0102308426095938,38.17332735,23.8,4.5,38.1,33.3,0.3
